date,symbol,veto_reason,strategy,regime,tier,notional,nav
2026-02-01,ETHUSDT,symbol_cap,unknown,unknown,CORE,183.03527629854716,10027.314534950001
2026-02-01,ETHUSDT,symbol_cap,unknown,unknown,CORE,183.03527629854716,10027.31353495
2026-02-01,ETHUSDT,symbol_cap,vol_target,MEAN_REVERT,None,183.03527629854716,None
2026-02-01,SOLUSDT,symbol_cap,unknown,unknown,SATELLITE,85.63468693210544,10027.314534950001
2026-02-01,SOLUSDT,symbol_cap,unknown,unknown,SATELLITE,85.63468693210544,10027.31353495
2026-02-01,SOLUSDT,symbol_cap,vol_target,MEAN_REVERT,None,85.63468693210544,None
2026-02-01,BTCUSDT,symbol_cap,unknown,unknown,CORE,211.50102545489966,10027.424534950002
2026-02-01,BTCUSDT,symbol_cap,unknown,unknown,CORE,211.50102545489966,10027.424534950002
2026-02-01,BTCUSDT,symbol_cap,vol_target,MEAN_REVERT,None,211.50102545489966,None
2026-02-01,ETHUSDT,symbol_cap,unknown,unknown,CORE,183.00857111873873,10027.42853495
2026-02-01,ETHUSDT,symbol_cap,unknown,unknown,CORE,183.00857111873873,10027.42853495
2026-02-01,ETHUSDT,symbol_cap,vol_target,MEAN_REVERT,None,183.00857111873873,None
2026-02-01,SOLUSDT,symbol_cap,unknown,unknown,SATELLITE,85.78986018893477,10027.43253495
2026-02-01,SOLUSDT,symbol_cap,unknown,unknown,SATELLITE,85.78986018893477,10027.42953495
2026-02-01,SOLUSDT,symbol_cap,vol_target,MEAN_REVERT,None,85.78986018893477,None
2026-02-01,SOLUSDT,min_notional,unknown,unknown,SATELLITE,0.0,10027.43153495
2026-02-01,BTCUSDT,symbol_cap,unknown,unknown,CORE,210.51762039783023,10025.889534950002
2026-02-01,BTCUSDT,symbol_cap,unknown,unknown,CORE,210.51762039783023,10025.889534950002
2026-02-01,BTCUSDT,symbol_cap,vol_target,MEAN_REVERT,None,210.51762039783023,None
2026-02-01,ETHUSDT,symbol_cap,unknown,unknown,CORE,195.0654186273424,10025.91153495
2026-02-01,ETHUSDT,symbol_cap,unknown,unknown,CORE,195.0654186273424,10025.889534950002
2026-02-01,ETHUSDT,symbol_cap,vol_target,MEAN_REVERT,None,195.0654186273424,None
2026-02-01,SOLUSDT,symbol_cap,unknown,unknown,SATELLITE,143.40436823698673,10025.82053495
2026-02-01,SOLUSDT,symbol_cap,unknown,unknown,SATELLITE,143.40436823698673,10025.82053495
2026-02-01,SOLUSDT,symbol_cap,vol_target,MEAN_REVERT,None,143.40436823698673,None
2026-02-01,BTCUSDT,symbol_cap,unknown,unknown,CORE,210.43856277587625,10026.06253495
2026-02-01,BTCUSDT,symbol_cap,unknown,unknown,CORE,210.43856277587625,10026.06253495
2026-02-01,BTCUSDT,symbol_cap,vol_target,MEAN_REVERT,None,210.43856277587625,None
2026-02-01,ETHUSDT,symbol_cap,unknown,unknown,CORE,194.69088750894431,10026.06253495
2026-02-01,ETHUSDT,symbol_cap,unknown,unknown,CORE,194.69088750894431,10026.06253495
2026-02-01,ETHUSDT,symbol_cap,vol_target,MEAN_REVERT,None,194.69088750894431,None
2026-02-01,SOLUSDT,symbol_cap,unknown,unknown,SATELLITE,142.89415317335363,10026.06253495
2026-02-01,SOLUSDT,symbol_cap,unknown,unknown,SATELLITE,142.89415317335363,10026.06253495
2026-02-01,SOLUSDT,symbol_cap,vol_target,MEAN_REVERT,None,142.89415317335363,None
2026-02-01,BTCUSDT,symbol_cap,unknown,unknown,CORE,210.30668773311126,10026.011534950001
2026-02-01,BTCUSDT,symbol_cap,unknown,unknown,CORE,210.30668773311126,10026.157534950002
2026-02-01,BTCUSDT,symbol_cap,vol_target,MEAN_REVERT,None,210.30668773311126,None
2026-02-01,ETHUSDT,symbol_cap,unknown,unknown,CORE,194.64881670862468,10026.23953495
2026-02-01,ETHUSDT,symbol_cap,unknown,unknown,CORE,194.64881670862468,10026.16353495
2026-02-01,ETHUSDT,symbol_cap,vol_target,MEAN_REVERT,None,194.64881670862468,None
2026-02-01,SOLUSDT,symbol_cap,unknown,unknown,SATELLITE,142.9137212953006,10026.23953495
2026-02-01,SOLUSDT,symbol_cap,unknown,unknown,SATELLITE,142.9137212953006,10026.23553495
2026-02-01,SOLUSDT,symbol_cap,vol_target,MEAN_REVERT,None,142.9137212953006,None
2026-02-01,SOLUSDT,min_notional,unknown,unknown,SATELLITE,0.0,10026.155534950001
2026-02-01,BTCUSDT,symbol_cap,unknown,unknown,CORE,210.1386688050835,10026.29553495
2026-02-01,BTCUSDT,symbol_cap,unknown,unknown,CORE,210.1386688050835,10026.29553495
2026-02-01,BTCUSDT,symbol_cap,vol_target,MEAN_REVERT,None,210.1386688050835,None
2026-02-01,ETHUSDT,symbol_cap,unknown,unknown,CORE,194.48119182314227,10026.012534950001
2026-02-01,ETHUSDT,symbol_cap,unknown,unknown,CORE,194.48119182314227,10026.012534950001
2026-02-01,ETHUSDT,symbol_cap,vol_target,MEAN_REVERT,None,194.48119182314227,None
2026-02-01,SOLUSDT,symbol_cap,unknown,unknown,SATELLITE,142.81317269480505,10026.02653495
2026-02-01,SOLUSDT,symbol_cap,unknown,unknown,SATELLITE,142.81317269480505,10026.02653495
2026-02-01,SOLUSDT,symbol_cap,vol_target,MEAN_REVERT,None,142.81317269480505,None
2026-02-01,BTCUSDT,symbol_cap,unknown,unknown,CORE,210.13405785651204,10025.69453495
2026-02-01,BTCUSDT,symbol_cap,unknown,unknown,CORE,210.13405785651204,10025.69453495
2026-02-01,BTCUSDT,symbol_cap,vol_target,MEAN_REVERT,None,210.13405785651204,None
2026-02-01,ETHUSDT,symbol_cap,unknown,unknown,CORE,194.32508146558774,10025.39653495
2026-02-01,ETHUSDT,symbol_cap,unknown,unknown,CORE,194.32508146558774,10025.51953495
2026-02-01,ETHUSDT,symbol_cap,vol_target,MEAN_REVERT,None,194.32508146558774,None
2026-02-01,SOLUSDT,symbol_cap,unknown,unknown,SATELLITE,142.67375690455933,10025.39653495
2026-02-01,SOLUSDT,symbol_cap,unknown,unknown,SATELLITE,142.67375690455933,10025.39653495
2026-02-01,SOLUSDT,symbol_cap,vol_target,MEAN_REVERT,None,142.67375690455933,None
2026-02-01,BTCUSDT,symbol_cap,unknown,unknown,CORE,209.34314172975604,10025.23753495
2026-02-01,BTCUSDT,symbol_cap,unknown,unknown,CORE,209.34314172975604,10025.41853495
2026-02-01,BTCUSDT,symbol_cap,vol_target,MEAN_REVERT,None,209.34314172975604,None
2026-02-01,ETHUSDT,symbol_cap,unknown,unknown,CORE,200.57135577680017,10025.21753495
2026-02-01,ETHUSDT,symbol_cap,unknown,unknown,CORE,200.57135577680017,10025.23153495
2026-02-01,ETHUSDT,symbol_cap,vol_target,MEAN_REVERT,None,200.57135577680017,None
2026-02-01,SOLUSDT,symbol_cap,unknown,unknown,SATELLITE,145.56512183965452,10025.19753495
2026-02-01,SOLUSDT,symbol_cap,unknown,unknown,SATELLITE,145.56512183965452,10025.19753495
2026-02-01,SOLUSDT,symbol_cap,vol_target,MEAN_REVERT,None,145.56512183965452,None
2026-02-01,BTCUSDT,symbol_cap,unknown,unknown,CORE,208.4512655037834,10024.63353495
2026-02-01,BTCUSDT,symbol_cap,unknown,unknown,CORE,208.4512655037834,10024.63353495
2026-02-01,BTCUSDT,symbol_cap,vol_target,MEAN_REVERT,None,208.4512655037834,None
2026-02-01,ETHUSDT,symbol_cap,unknown,unknown,CORE,195.08666636218965,10024.63353495
2026-02-01,ETHUSDT,symbol_cap,unknown,unknown,CORE,195.08666636218965,10024.63353495
2026-02-01,ETHUSDT,symbol_cap,vol_target,MEAN_REVERT,None,195.08666636218965,None
2026-02-01,SOLUSDT,symbol_cap,unknown,unknown,SATELLITE,142.2611786929912,10024.63353495
2026-02-01,SOLUSDT,symbol_cap,unknown,unknown,SATELLITE,142.2611786929912,10024.64053495
2026-02-01,SOLUSDT,symbol_cap,vol_target,MEAN_REVERT,None,142.2611786929912,None
2026-02-01,SOLUSDT,min_notional,unknown,unknown,SATELLITE,0.0,10024.63353495
2026-02-01,BTCUSDT,symbol_cap,unknown,unknown,CORE,201.31694924481292,10023.47953495
2026-02-01,BTCUSDT,symbol_cap,unknown,unknown,CORE,201.31694924481292,10023.47953495
2026-02-01,BTCUSDT,symbol_cap,vol_target,MEAN_REVERT,None,201.31694924481292,None
2026-02-01,SOLUSDT,min_notional,unknown,unknown,SATELLITE,0.0,10025.04453495
2026-02-01,BTCUSDT,symbol_cap,unknown,unknown,CORE,202.1371320824261,10025.888534950001
2026-02-01,BTCUSDT,symbol_cap,unknown,unknown,CORE,202.1371320824261,10025.888534950001
2026-02-01,BTCUSDT,symbol_cap,vol_target,MEAN_REVERT,None,202.1371320824261,None
2026-02-01,SOLUSDT,symbol_cap,unknown,unknown,SATELLITE,136.21920820858514,10025.91153495
2026-02-01,SOLUSDT,symbol_cap,unknown,unknown,SATELLITE,136.21920820858514,10025.91153495
2026-02-01,SOLUSDT,symbol_cap,vol_target,MEAN_REVERT,None,136.21920820858514,None
2026-02-01,BTCUSDT,symbol_cap,unknown,unknown,CORE,206.56279750302684,10025.13353495
2026-02-01,BTCUSDT,symbol_cap,unknown,unknown,CORE,206.56279750302684,10025.155534950001
2026-02-01,BTCUSDT,symbol_cap,vol_target,MEAN_REVERT,None,206.56279750302684,None
2026-02-01,ETHUSDT,symbol_cap,unknown,unknown,CORE,182.57759878246915,10025.121534950002
2026-02-01,ETHUSDT,symbol_cap,unknown,unknown,CORE,182.57759878246915,10025.12853495
2026-02-01,ETHUSDT,symbol_cap,vol_target,MEAN_REVERT,None,182.57759878246915,None
2026-02-01,SOLUSDT,symbol_cap,unknown,unknown,SATELLITE,134.51606773768637,10025.11153495
2026-02-01,SOLUSDT,symbol_cap,unknown,unknown,SATELLITE,134.51606773768637,10025.11153495
2026-02-01,SOLUSDT,symbol_cap,vol_target,MEAN_REVERT,None,134.51606773768637,None
2026-02-01,SOLUSDT,min_notional,unknown,unknown,SATELLITE,0.0,10025.23153495
2026-02-01,BTCUSDT,symbol_cap,unknown,unknown,CORE,205.1208393619941,10024.23253495
2026-02-01,BTCUSDT,symbol_cap,unknown,unknown,CORE,205.1208393619941,10024.22453495
2026-02-01,BTCUSDT,symbol_cap,vol_target,MEAN_REVERT,None,205.1208393619941,None
2026-02-01,SOLUSDT,symbol_cap,unknown,unknown,SATELLITE,86.9740077927201,10024.25953495
2026-02-01,SOLUSDT,symbol_cap,unknown,unknown,SATELLITE,86.9740077927201,10024.25753495
2026-02-01,SOLUSDT,symbol_cap,vol_target,MEAN_REVERT,None,86.9740077927201,None
2026-02-01,BTCUSDT,symbol_cap,unknown,unknown,CORE,200.74798460106157,10024.28553495
2026-02-01,BTCUSDT,symbol_cap,unknown,unknown,CORE,200.74798460106157,10024.28453495
2026-02-01,BTCUSDT,symbol_cap,vol_target,MEAN_REVERT,None,200.74798460106157,None
2026-02-01,SOLUSDT,symbol_cap,unknown,unknown,SATELLITE,85.16022377244722,10024.28853495
2026-02-01,SOLUSDT,symbol_cap,unknown,unknown,SATELLITE,85.16022377244722,10024.28553495
2026-02-01,SOLUSDT,symbol_cap,vol_target,MEAN_REVERT,None,85.16022377244722,None
2026-02-01,BTCUSDT,symbol_cap,unknown,unknown,CORE,199.51198266989059,10024.12953495
2026-02-01,BTCUSDT,symbol_cap,unknown,unknown,CORE,199.51198266989059,10024.12953495
2026-02-01,BTCUSDT,symbol_cap,vol_target,MEAN_REVERT,None,199.51198266989059,None
2026-02-01,SOLUSDT,symbol_cap,unknown,unknown,SATELLITE,84.62780851933738,10024.15353495
2026-02-01,SOLUSDT,symbol_cap,unknown,unknown,SATELLITE,84.62780851933738,10024.12953495
2026-02-01,SOLUSDT,symbol_cap,vol_target,MEAN_REVERT,None,84.62780851933738,None
2026-02-01,SOLUSDT,min_notional,unknown,unknown,SATELLITE,0.0,10024.19953495
2026-02-01,BTCUSDT,symbol_cap,unknown,unknown,CORE,198.64960701260915,10024.39153495
2026-02-01,BTCUSDT,symbol_cap,unknown,unknown,CORE,198.64960701260915,10024.39153495
2026-02-01,BTCUSDT,symbol_cap,vol_target,MEAN_REVERT,None,198.64960701260915,None
2026-02-01,SOLUSDT,symbol_cap,unknown,unknown,SATELLITE,84.25396087779485,10024.370534950001
2026-02-01,SOLUSDT,symbol_cap,unknown,unknown,SATELLITE,84.25396087779485,10024.371534950002
2026-02-01,SOLUSDT,symbol_cap,vol_target,MEAN_REVERT,None,84.25396087779485,None
2026-02-01,BTCUSDT,symbol_cap,unknown,unknown,CORE,198.03617069616655,10024.546534950001
2026-02-01,BTCUSDT,symbol_cap,unknown,unknown,CORE,198.03617069616655,10024.57153495
2026-02-01,BTCUSDT,symbol_cap,vol_target,MEAN_REVERT,None,198.03617069616655,None
2026-02-01,SOLUSDT,symbol_cap,unknown,unknown,SATELLITE,83.47758905981345,10024.57153495
2026-02-01,SOLUSDT,symbol_cap,unknown,unknown,SATELLITE,83.47758905981345,10024.57153495
2026-02-01,SOLUSDT,symbol_cap,vol_target,MEAN_REVERT,None,83.47758905981345,None
2026-02-01,BTCUSDT,symbol_cap,unknown,unknown,CORE,198.03970691788084,10024.84553495
2026-02-01,BTCUSDT,symbol_cap,unknown,unknown,CORE,198.03970691788084,10024.84553495
2026-02-01,BTCUSDT,symbol_cap,vol_target,MEAN_REVERT,None,198.03970691788084,None
2026-02-01,ETHUSDT,symbol_cap,unknown,unknown,CORE,170.08442107807466,10024.94853495
2026-02-01,ETHUSDT,symbol_cap,unknown,unknown,CORE,170.08442107807466,10024.84553495
2026-02-01,ETHUSDT,symbol_cap,vol_target,MEAN_REVERT,None,170.08442107807466,None
2026-02-01,SOLUSDT,symbol_cap,unknown,unknown,SATELLITE,83.55865934824473,10025.04553495
2026-02-01,SOLUSDT,symbol_cap,unknown,unknown,SATELLITE,83.55865934824473,10025.04553495
2026-02-01,SOLUSDT,symbol_cap,vol_target,MEAN_REVERT,None,83.55865934824473,None
2026-02-01,BTCUSDT,symbol_cap,unknown,unknown,CORE,200.59062737131956,10025.529534950001
2026-02-01,BTCUSDT,symbol_cap,unknown,unknown,CORE,200.59062737131956,10025.529534950001
2026-02-01,BTCUSDT,symbol_cap,vol_target,MEAN_REVERT,None,200.59062737131956,None
2026-02-01,ETHUSDT,symbol_cap,unknown,unknown,CORE,173.5522249589815,10025.63353495
2026-02-01,ETHUSDT,symbol_cap,unknown,unknown,CORE,173.5522249589815,10025.63353495
2026-02-01,ETHUSDT,symbol_cap,vol_target,MEAN_REVERT,None,173.5522249589815,None
2026-02-01,SOLUSDT,symbol_cap,unknown,unknown,SATELLITE,128.8961064539613,10025.71653495
2026-02-01,SOLUSDT,symbol_cap,unknown,unknown,SATELLITE,128.8961064539613,10025.71653495
2026-02-01,SOLUSDT,symbol_cap,vol_target,MEAN_REVERT,None,128.8961064539613,None
2026-02-01,SOLUSDT,min_notional,unknown,unknown,SATELLITE,0.0,10025.50453495
2026-02-01,BTCUSDT,symbol_cap,unknown,unknown,CORE,203.66496546712716,10025.79253495
2026-02-01,BTCUSDT,symbol_cap,unknown,unknown,CORE,203.66496546712716,10025.80153495
2026-02-01,BTCUSDT,symbol_cap,vol_target,MEAN_REVERT,None,203.66496546712716,None
2026-02-01,ETHUSDT,symbol_cap,unknown,unknown,CORE,176.31269002135,10025.78453495
2026-02-01,ETHUSDT,symbol_cap,unknown,unknown,CORE,176.31269002135,10025.78453495
2026-02-01,ETHUSDT,symbol_cap,vol_target,MEAN_REVERT,None,176.31269002135,None
2026-02-01,SOLUSDT,symbol_cap,unknown,unknown,SATELLITE,125.77275510805825,10025.70053495
2026-02-01,SOLUSDT,symbol_cap,unknown,unknown,SATELLITE,125.77275510805825,10025.70053495
2026-02-01,SOLUSDT,symbol_cap,vol_target,MEAN_REVERT,None,125.77275510805825,None
2026-02-01,BTCUSDT,symbol_cap,unknown,unknown,CORE,205.68773546607727,10026.72153495
2026-02-01,BTCUSDT,symbol_cap,unknown,unknown,CORE,205.68773546607727,10026.71253495
2026-02-01,BTCUSDT,symbol_cap,vol_target,MEAN_REVERT,None,205.68773546607727,None
2026-02-01,ETHUSDT,symbol_cap,unknown,unknown,CORE,178.0020294340291,10026.85953495
2026-02-01,ETHUSDT,symbol_cap,unknown,unknown,CORE,178.0020294340291,10026.85953495
2026-02-01,ETHUSDT,symbol_cap,vol_target,MEAN_REVERT,None,178.0020294340291,None
2026-02-01,SOLUSDT,symbol_cap,unknown,unknown,SATELLITE,123.96799816540465,10026.89753495
2026-02-01,SOLUSDT,symbol_cap,unknown,unknown,SATELLITE,123.96799816540465,10026.889534950002
2026-02-01,SOLUSDT,symbol_cap,vol_target,MEAN_REVERT,None,123.96799816540465,None
2026-02-01,SOLUSDT,min_notional,unknown,unknown,SATELLITE,0.0,10026.904534950001
2026-02-01,BTCUSDT,symbol_cap,unknown,unknown,CORE,204.4398871794777,10026.76953495
2026-02-01,BTCUSDT,symbol_cap,unknown,unknown,CORE,204.4398871794777,10026.80853495
2026-02-01,BTCUSDT,symbol_cap,vol_target,MEAN_REVERT,None,204.4398871794777,None
2026-02-01,ETHUSDT,symbol_cap,unknown,unknown,CORE,183.8687516199621,10026.80853495
2026-02-01,ETHUSDT,symbol_cap,unknown,unknown,CORE,183.8687516199621,10026.80853495
2026-02-01,ETHUSDT,symbol_cap,vol_target,MEAN_REVERT,None,183.8687516199621,None
2026-02-01,SOLUSDT,symbol_cap,unknown,unknown,SATELLITE,121.99892655550852,10026.82953495
2026-02-01,SOLUSDT,symbol_cap,unknown,unknown,SATELLITE,121.99892655550852,10026.82953495
2026-02-01,SOLUSDT,symbol_cap,vol_target,MEAN_REVERT,None,121.99892655550852,None
2026-02-01,BTCUSDT,symbol_cap,unknown,unknown,CORE,202.7691458096061,10026.36353495
2026-02-01,BTCUSDT,symbol_cap,unknown,unknown,CORE,202.7691458096061,10026.36353495
2026-02-01,BTCUSDT,symbol_cap,vol_target,MEAN_REVERT,None,202.7691458096061,None
2026-02-01,ETHUSDT,symbol_cap,unknown,unknown,CORE,178.20981564762516,10026.30153495
2026-02-01,ETHUSDT,symbol_cap,unknown,unknown,CORE,178.20981564762516,10026.39653495
2026-02-01,ETHUSDT,symbol_cap,vol_target,MEAN_REVERT,None,178.20981564762516,None
2026-02-01,SOLUSDT,symbol_cap,unknown,unknown,SATELLITE,119.45225191996872,10026.41153495
2026-02-01,SOLUSDT,symbol_cap,unknown,unknown,SATELLITE,119.45225191996872,10026.41153495
2026-02-01,SOLUSDT,symbol_cap,vol_target,MEAN_REVERT,None,119.45225191996872,None
2026-02-01,SOLUSDT,min_notional,unknown,unknown,SATELLITE,0.0,10026.30153495
2026-02-01,BTCUSDT,symbol_cap,unknown,unknown,CORE,203.71163151810413,10026.40153495
2026-02-01,BTCUSDT,symbol_cap,unknown,unknown,CORE,203.71163151810413,10026.40253495
2026-02-01,BTCUSDT,symbol_cap,vol_target,MEAN_REVERT,None,203.71163151810413,None
2026-02-01,ETHUSDT,symbol_cap,unknown,unknown,CORE,178.36246015792167,10026.39653495
2026-02-01,ETHUSDT,symbol_cap,unknown,unknown,CORE,178.36246015792167,10026.40153495
2026-02-01,ETHUSDT,symbol_cap,vol_target,MEAN_REVERT,None,178.36246015792167,None
2026-02-01,SOLUSDT,symbol_cap,unknown,unknown,SATELLITE,117.88958324187614,10026.53953495
2026-02-01,SOLUSDT,symbol_cap,unknown,unknown,SATELLITE,117.88958324187614,10026.40253495
2026-02-01,SOLUSDT,symbol_cap,vol_target,MEAN_REVERT,None,117.88958324187614,None
2026-02-01,SOLUSDT,min_notional,unknown,unknown,SATELLITE,0.0,10025.101534950001
2026-02-01,BTCUSDT,symbol_cap,unknown,unknown,CORE,205.37861767311858,10025.39553495
2026-02-01,BTCUSDT,symbol_cap,unknown,unknown,CORE,205.37861767311858,10025.39553495
2026-02-01,BTCUSDT,symbol_cap,vol_target,MEAN_REVERT,None,205.37861767311858,None
2026-02-01,SOLUSDT,symbol_cap,unknown,unknown,SATELLITE,116.37875410808041,10025.39553495
2026-02-01,SOLUSDT,symbol_cap,unknown,unknown,SATELLITE,116.37875410808041,10025.460534950002
2026-02-01,SOLUSDT,symbol_cap,vol_target,MEAN_REVERT,None,116.37875410808041,None
2026-02-01,BTCUSDT,symbol_cap,unknown,unknown,CORE,205.26038986349636,10025.60653495
2026-02-01,BTCUSDT,symbol_cap,unknown,unknown,CORE,205.26038986349636,10025.60653495
2026-02-01,BTCUSDT,symbol_cap,vol_target,MEAN_REVERT,None,205.26038986349636,None
2026-02-01,ETHUSDT,symbol_cap,unknown,unknown,CORE,183.75822222594996,10025.38553495
2026-02-01,ETHUSDT,symbol_cap,unknown,unknown,CORE,183.75822222594996,10025.60653495
2026-02-01,ETHUSDT,symbol_cap,vol_target,MEAN_REVERT,None,183.75822222594996,None
2026-02-01,SOLUSDT,symbol_cap,unknown,unknown,SATELLITE,117.18178533587202,10025.38053495
2026-02-01,SOLUSDT,symbol_cap,unknown,unknown,SATELLITE,117.18178533587202,10025.38053495
2026-02-01,SOLUSDT,symbol_cap,vol_target,MEAN_REVERT,None,117.18178533587202,None
2026-02-01,SOLUSDT,min_notional,unknown,unknown,SATELLITE,0.0,10025.38053495
2026-02-01,BTCUSDT,symbol_cap,unknown,unknown,CORE,200.76350540975287,10023.689534950001
2026-02-01,BTCUSDT,symbol_cap,unknown,unknown,CORE,200.76350540975287,10023.68753495
2026-02-01,BTCUSDT,symbol_cap,vol_target,MEAN_REVERT,None,200.76350540975287,None
2026-02-01,SOLUSDT,min_notional,unknown,unknown,SATELLITE,0.0,10022.746534950002
2026-02-01,BTCUSDT,symbol_cap,unknown,unknown,CORE,189.68744802145375,10024.09053495
2026-02-01,BTCUSDT,symbol_cap,unknown,unknown,CORE,189.68744802145375,10024.09053495
2026-02-01,BTCUSDT,symbol_cap,vol_target,MEAN_REVERT,None,189.68744802145375,None
2026-02-01,SOLUSDT,min_notional,unknown,unknown,SATELLITE,0.0,10023.00853495
2026-02-01,SOLUSDT,min_notional,unknown,unknown,SATELLITE,0.0,10020.136534950001
2026-02-01,SOLUSDT,min_notional,unknown,unknown,SATELLITE,0.0,10018.00253495
2026-02-01,SOLUSDT,min_notional,unknown,unknown,SATELLITE,0.0,10014.04527158
2026-02-01,BTCUSDT,symbol_cap,unknown,unknown,CORE,192.9597724148846,10018.262271579999
2026-02-01,BTCUSDT,symbol_cap,unknown,unknown,CORE,192.9597724148846,10018.20627158
2026-02-01,BTCUSDT,symbol_cap,vol_target,MEAN_REVERT,None,192.9597724148846,None
2026-02-01,BTCUSDT,symbol_cap,unknown,unknown,CORE,195.7531521659466,10018.31127158
2026-02-01,BTCUSDT,symbol_cap,unknown,unknown,CORE,195.7531521659466,10018.31127158
2026-02-01,BTCUSDT,symbol_cap,vol_target,MEAN_REVERT,None,195.7531521659466,None
2026-02-01,BTCUSDT,symbol_cap,unknown,unknown,CORE,199.01510513668987,10017.209271579999
2026-02-01,BTCUSDT,symbol_cap,unknown,unknown,CORE,199.01510513668987,10017.209271579999
2026-02-01,BTCUSDT,symbol_cap,vol_target,MEAN_REVERT,None,199.01510513668987,None
2026-02-01,SOLUSDT,min_notional,unknown,unknown,SATELLITE,0.0,10017.209271579999
2026-02-01,BTCUSDT,symbol_cap,unknown,unknown,CORE,198.98554580411837,10018.32727158
2026-02-01,BTCUSDT,symbol_cap,unknown,unknown,CORE,198.98554580411837,10018.30427158
2026-02-01,BTCUSDT,symbol_cap,vol_target,MEAN_REVERT,None,198.98554580411837,None
2026-02-01,BTCUSDT,symbol_cap,unknown,unknown,CORE,201.28204467928734,10018.41927158
2026-02-01,BTCUSDT,symbol_cap,unknown,unknown,CORE,201.28204467928734,10018.25527158
2026-02-01,BTCUSDT,symbol_cap,vol_target,MEAN_REVERT,None,201.28204467928734,None
2026-02-01,BTCUSDT,symbol_cap,unknown,unknown,CORE,201.85458411111657,10015.52527158
2026-02-01,BTCUSDT,symbol_cap,unknown,unknown,CORE,201.85458411111657,10015.54227158
2026-02-01,BTCUSDT,symbol_cap,vol_target,MEAN_REVERT,None,201.85458411111657,None
2026-02-01,SOLUSDT,min_notional,unknown,unknown,SATELLITE,0.0,10015.08127158
2026-02-01,SOLUSDT,min_notional,unknown,unknown,SATELLITE,0.0,10012.00927158
2026-02-01,SOLUSDT,min_notional,unknown,unknown,SATELLITE,0.0,10005.27027158
2026-02-01,SOLUSDT,min_notional,unknown,unknown,SATELLITE,0.0,10007.28927158
2026-02-01,SOLUSDT,min_notional,unknown,unknown,SATELLITE,0.0,10009.762271579999
2026-02-01,SOLUSDT,min_notional,unknown,unknown,SATELLITE,0.0,10008.1839095
2026-02-01,SOLUSDT,min_notional,unknown,unknown,SATELLITE,0.0,10007.1789095
2026-02-01,SOLUSDT,min_notional,unknown,unknown,SATELLITE,0.0,10006.6719095
2026-02-01,SOLUSDT,min_notional,unknown,unknown,SATELLITE,0.0,10009.9369095
2026-02-01,BTCUSDT,symbol_cap,unknown,unknown,CORE,215.07317949574974,10010.2009095
2026-02-01,BTCUSDT,symbol_cap,unknown,unknown,CORE,215.07317949574974,10010.2009095
2026-02-01,BTCUSDT,symbol_cap,vol_target,MEAN_REVERT,None,215.07317949574974,None
2026-02-01,SOLUSDT,min_notional,unknown,unknown,SATELLITE,0.0,10006.5629095
2026-02-01,SOLUSDT,min_notional,unknown,unknown,SATELLITE,0.0,10006.8819095
2026-02-01,SOLUSDT,min_notional,unknown,unknown,SATELLITE,0.0,10011.447909499999
2026-02-01,BTCUSDT,symbol_cap,unknown,unknown,CORE,219.43265783805776,10010.5419095
2026-02-01,BTCUSDT,symbol_cap,unknown,unknown,CORE,219.43265783805776,10010.5419095
2026-02-01,BTCUSDT,symbol_cap,vol_target,MEAN_REVERT,None,219.43265783805776,None
2026-02-01,BTCUSDT,symbol_cap,unknown,unknown,CORE,219.2220720342052,10010.1709095
2026-02-01,BTCUSDT,symbol_cap,unknown,unknown,CORE,219.2220720342052,10010.1699095
2026-02-01,BTCUSDT,symbol_cap,vol_target,MEAN_REVERT,None,219.2220720342052,None
2026-02-01,BTCUSDT,symbol_cap,unknown,unknown,CORE,218.17727277151374,10010.1609095
2026-02-01,BTCUSDT,symbol_cap,unknown,unknown,CORE,218.17727277151374,10010.1609095
2026-02-01,BTCUSDT,symbol_cap,vol_target,MEAN_REVERT,None,218.17727277151374,None
2026-02-01,SOLUSDT,min_notional,unknown,unknown,SATELLITE,0.0,10010.1609095
2026-02-01,BTCUSDT,symbol_cap,unknown,unknown,CORE,217.3863744026503,10011.2719095
2026-02-01,BTCUSDT,symbol_cap,unknown,unknown,CORE,217.3863744026503,10011.2709095
2026-02-01,BTCUSDT,symbol_cap,vol_target,MEAN_REVERT,None,217.3863744026503,None
2026-02-01,BTCUSDT,symbol_cap,unknown,unknown,CORE,215.79751521951945,10010.912909499999
2026-02-01,BTCUSDT,symbol_cap,unknown,unknown,CORE,215.79751521951945,10010.912909499999
2026-02-01,BTCUSDT,symbol_cap,vol_target,MEAN_REVERT,None,215.79751521951945,None
2026-02-01,BTCUSDT,symbol_cap,unknown,unknown,CORE,215.78570284466232,10008.833909500001
2026-02-01,BTCUSDT,symbol_cap,unknown,unknown,CORE,215.78570284466232,10008.833909500001
2026-02-01,BTCUSDT,symbol_cap,vol_target,MEAN_REVERT,None,215.78570284466232,None
2026-02-01,SOLUSDT,min_notional,unknown,unknown,SATELLITE,0.0,10010.0219095
2026-02-01,BTCUSDT,symbol_cap,unknown,unknown,CORE,217.31658268441373,10010.5159095
2026-02-01,BTCUSDT,symbol_cap,unknown,unknown,CORE,217.31658268441373,10010.7319095
2026-02-01,BTCUSDT,symbol_cap,vol_target,MEAN_REVERT,None,217.31658268441373,None
2026-02-01,SOLUSDT,min_notional,unknown,unknown,SATELLITE,0.0,10008.3319095
2026-02-01,BTCUSDT,symbol_cap,unknown,unknown,CORE,216.7729066399252,10009.9189095
2026-02-01,BTCUSDT,symbol_cap,unknown,unknown,CORE,216.7729066399252,10009.9189095
2026-02-01,BTCUSDT,symbol_cap,vol_target,MEAN_REVERT,None,216.7729066399252,None
2026-02-01,BTCUSDT,symbol_cap,unknown,unknown,CORE,216.1666252352246,10009.602909500001
2026-02-01,BTCUSDT,symbol_cap,unknown,unknown,CORE,216.1666252352246,10009.6399095
2026-02-01,BTCUSDT,symbol_cap,vol_target,MEAN_REVERT,None,216.1666252352246,None
2026-02-01,SOLUSDT,min_notional,unknown,unknown,SATELLITE,0.0,10008.4379095
2026-02-01,BTCUSDT,symbol_cap,unknown,unknown,CORE,215.86216615116004,10010.590909499999
2026-02-01,BTCUSDT,symbol_cap,unknown,unknown,CORE,215.86216615116004,10010.5899095
2026-02-01,BTCUSDT,symbol_cap,vol_target,MEAN_REVERT,None,215.86216615116004,None
2026-02-01,BTCUSDT,symbol_cap,unknown,unknown,CORE,216.61314344864402,10011.0059095
2026-02-01,BTCUSDT,symbol_cap,unknown,unknown,CORE,216.61314344864402,10010.941909500001
2026-02-01,BTCUSDT,symbol_cap,vol_target,MEAN_REVERT,None,216.61314344864402,None
2026-02-01,SOLUSDT,min_notional,unknown,unknown,SATELLITE,0.0,10011.852909500001
2026-02-01,BTCUSDT,symbol_cap,unknown,unknown,CORE,220.14079334613768,10013.733909499999
2026-02-01,BTCUSDT,symbol_cap,unknown,unknown,CORE,220.14079334613768,10013.733909499999
2026-02-01,BTCUSDT,symbol_cap,vol_target,MEAN_REVERT,None,220.14079334613768,None
2026-02-01,SOLUSDT,symbol_cap,unknown,unknown,SATELLITE,105.93759263712688,10013.923909500001
2026-02-01,SOLUSDT,symbol_cap,unknown,unknown,SATELLITE,105.93759263712688,10013.430909499999
2026-02-01,SOLUSDT,symbol_cap,vol_target,MEAN_REVERT,None,105.93759263712688,None
2026-02-01,BTCUSDT,symbol_cap,unknown,unknown,CORE,226.51593197133084,10014.6719095
2026-02-01,BTCUSDT,symbol_cap,unknown,unknown,CORE,226.51593197133084,10014.7019095
2026-02-01,BTCUSDT,symbol_cap,vol_target,MEAN_REVERT,None,226.51593197133084,None
2026-02-01,ETHUSDT,symbol_cap,unknown,unknown,CORE,148.55012266960424,10014.6719095
2026-02-01,ETHUSDT,symbol_cap,unknown,unknown,CORE,148.55012266960424,10014.6709095
2026-02-01,ETHUSDT,symbol_cap,vol_target,MEAN_REVERT,None,148.55012266960424,None
2026-02-01,SOLUSDT,symbol_cap,unknown,unknown,SATELLITE,104.98824441279679,10014.779909500001
2026-02-01,SOLUSDT,symbol_cap,unknown,unknown,SATELLITE,104.98824441279679,10014.6719095
2026-02-01,SOLUSDT,symbol_cap,vol_target,MEAN_REVERT,None,104.98824441279679,None
2026-02-01,SOLUSDT,min_notional,unknown,unknown,SATELLITE,0.0,10016.0879095
2026-02-01,BTCUSDT,symbol_cap,unknown,unknown,CORE,230.33315631434232,10016.876909499999
2026-02-01,BTCUSDT,symbol_cap,unknown,unknown,CORE,230.33315631434232,10016.7999095
2026-02-01,BTCUSDT,symbol_cap,vol_target,MEAN_REVERT,None,230.33315631434232,None
2026-02-01,ETHUSDT,symbol_cap,unknown,unknown,CORE,140.36500162628315,10016.9269095
2026-02-01,ETHUSDT,symbol_cap,unknown,unknown,CORE,140.36500162628315,10016.877909499999
2026-02-01,ETHUSDT,symbol_cap,vol_target,MEAN_REVERT,None,140.36500162628315,None
2026-02-01,SOLUSDT,symbol_cap,unknown,unknown,SATELLITE,106.6693643582153,10016.9269095
2026-02-01,SOLUSDT,symbol_cap,unknown,unknown,SATELLITE,106.6693643582153,10016.9269095
2026-02-01,SOLUSDT,symbol_cap,vol_target,MEAN_REVERT,None,106.6693643582153,None
2026-02-01,BTCUSDT,symbol_cap,unknown,unknown,CORE,230.4325710265543,10016.3799095
2026-02-01,BTCUSDT,symbol_cap,unknown,unknown,CORE,230.4325710265543,10016.4859095
2026-02-01,BTCUSDT,symbol_cap,vol_target,MEAN_REVERT,None,230.4325710265543,None
2026-02-01,ETHUSDT,symbol_cap,unknown,unknown,CORE,151.03584276399337,10016.4879095
2026-02-01,ETHUSDT,symbol_cap,unknown,unknown,CORE,151.03584276399337,10016.4359095
2026-02-01,ETHUSDT,symbol_cap,vol_target,MEAN_REVERT,None,151.03584276399337,None
2026-02-01,SOLUSDT,symbol_cap,unknown,unknown,SATELLITE,109.90389969417437,10016.4359095
2026-02-01,SOLUSDT,symbol_cap,unknown,unknown,SATELLITE,109.90389969417437,10016.4369095
2026-02-01,SOLUSDT,symbol_cap,vol_target,MEAN_REVERT,None,109.90389969417437,None
2026-02-01,SOLUSDT,min_notional,unknown,unknown,SATELLITE,0.0,10017.4359095
2026-02-01,BTCUSDT,symbol_cap,unknown,unknown,CORE,228.5021947505263,10016.716909499999
2026-02-01,BTCUSDT,symbol_cap,unknown,unknown,CORE,228.5021947505263,10016.7539095
2026-02-01,BTCUSDT,symbol_cap,vol_target,MEAN_REVERT,None,228.5021947505263,None
2026-02-01,ETHUSDT,symbol_cap,unknown,unknown,CORE,145.4270242276655,10016.716909499999
2026-02-01,ETHUSDT,symbol_cap,unknown,unknown,CORE,145.4270242276655,10016.716909499999
2026-02-01,ETHUSDT,symbol_cap,vol_target,MEAN_REVERT,None,145.4270242276655,None
2026-02-01,SOLUSDT,symbol_cap,unknown,unknown,SATELLITE,108.9005706778158,10016.716909499999
2026-02-01,SOLUSDT,symbol_cap,unknown,unknown,SATELLITE,108.9005706778158,10016.716909499999
2026-02-01,SOLUSDT,symbol_cap,vol_target,MEAN_REVERT,None,108.9005706778158,None
2026-02-01,BTCUSDT,symbol_cap,unknown,unknown,CORE,229.63741663140516,10015.7249095
2026-02-01,BTCUSDT,symbol_cap,unknown,unknown,CORE,229.63741663140516,10015.7249095
2026-02-01,BTCUSDT,symbol_cap,vol_target,MEAN_REVERT,None,229.63741663140516,None
2026-02-01,ETHUSDT,symbol_cap,unknown,unknown,CORE,145.83164963813672,10015.708909500001
2026-02-01,ETHUSDT,symbol_cap,unknown,unknown,CORE,145.83164963813672,10015.690909500001
2026-02-01,ETHUSDT,symbol_cap,vol_target,MEAN_REVERT,None,145.83164963813672,None
2026-02-01,SOLUSDT,symbol_cap,unknown,unknown,SATELLITE,108.32623226366916,10015.6849095
2026-02-01,SOLUSDT,symbol_cap,unknown,unknown,SATELLITE,108.32623226366916,10015.709909500001
2026-02-01,SOLUSDT,symbol_cap,vol_target,MEAN_REVERT,None,108.32623226366916,None
2026-02-01,SOLUSDT,min_notional,unknown,unknown,SATELLITE,0.0,10015.780909500001
2026-02-01,BTCUSDT,symbol_cap,unknown,unknown,CORE,229.90693299120858,10016.125909499999
2026-02-01,BTCUSDT,symbol_cap,unknown,unknown,CORE,229.90693299120858,10016.136909500001
2026-02-01,BTCUSDT,symbol_cap,vol_target,MEAN_REVERT,None,229.90693299120858,None
2026-02-01,ETHUSDT,symbol_cap,unknown,unknown,CORE,157.2449545911921,10015.9869095
2026-02-01,ETHUSDT,symbol_cap,unknown,unknown,CORE,157.2449545911921,10016.1419095
2026-02-01,ETHUSDT,symbol_cap,vol_target,MEAN_REVERT,None,157.2449545911921,None
2026-02-01,SOLUSDT,symbol_cap,unknown,unknown,SATELLITE,113.02511430696522,10015.9869095
2026-02-01,SOLUSDT,symbol_cap,unknown,unknown,SATELLITE,113.02511430696522,10015.9869095
2026-02-01,SOLUSDT,symbol_cap,vol_target,MEAN_REVERT,None,113.02511430696522,None
2026-02-01,BTCUSDT,symbol_cap,unknown,unknown,CORE,228.79687897028057,10015.894909499999
2026-02-01,BTCUSDT,symbol_cap,unknown,unknown,CORE,228.79687897028057,10015.9509095
2026-02-01,BTCUSDT,symbol_cap,vol_target,MEAN_REVERT,None,228.79687897028057,None
2026-02-01,ETHUSDT,symbol_cap,unknown,unknown,CORE,152.39267949713098,10016.0149095
2026-02-01,ETHUSDT,symbol_cap,unknown,unknown,CORE,152.39267949713098,10015.9509095
2026-02-01,ETHUSDT,symbol_cap,vol_target,MEAN_REVERT,None,152.39267949713098,None
2026-02-01,SOLUSDT,symbol_cap,unknown,unknown,SATELLITE,112.26592861997484,10016.0209095
2026-02-01,SOLUSDT,symbol_cap,unknown,unknown,SATELLITE,112.26592861997484,10016.0359095
2026-02-01,SOLUSDT,symbol_cap,vol_target,MEAN_REVERT,None,112.26592861997484,None
2026-02-01,SOLUSDT,min_notional,unknown,unknown,SATELLITE,0.0,10015.9819095
2026-02-01,BTCUSDT,symbol_cap,unknown,unknown,CORE,229.41446655555265,10014.2789095
2026-02-01,BTCUSDT,symbol_cap,unknown,unknown,CORE,229.41446655555265,10014.2789095
2026-02-01,BTCUSDT,symbol_cap,vol_target,MEAN_REVERT,None,229.41446655555265,None
2026-02-01,ETHUSDT,symbol_cap,unknown,unknown,CORE,151.24402212811276,10014.2219095
2026-02-01,ETHUSDT,symbol_cap,unknown,unknown,CORE,151.24402212811276,10014.2789095
2026-02-01,ETHUSDT,symbol_cap,vol_target,MEAN_REVERT,None,151.24402212811276,None
2026-02-01,SOLUSDT,symbol_cap,unknown,unknown,SATELLITE,113.70177481324268,10014.2239095
2026-02-01,SOLUSDT,symbol_cap,unknown,unknown,SATELLITE,113.70177481324268,10014.2239095
2026-02-01,SOLUSDT,symbol_cap,vol_target,MEAN_REVERT,None,113.70177481324268,None
2026-02-01,BTCUSDT,symbol_cap,unknown,unknown,CORE,227.7277926161606,10012.6129095
2026-02-01,BTCUSDT,symbol_cap,unknown,unknown,CORE,227.7277926161606,10012.5529095
2026-02-01,BTCUSDT,symbol_cap,vol_target,MEAN_REVERT,None,227.7277926161606,None
2026-02-01,ETHUSDT,symbol_cap,unknown,unknown,CORE,160.25823765715143,10012.5509095
2026-02-01,ETHUSDT,symbol_cap,unknown,unknown,CORE,160.25823765715143,10012.6419095
2026-02-01,ETHUSDT,symbol_cap,vol_target,MEAN_REVERT,None,160.25823765715143,None
2026-02-01,SOLUSDT,symbol_cap,unknown,unknown,SATELLITE,111.99582484252608,10012.8119095
2026-02-01,SOLUSDT,symbol_cap,unknown,unknown,SATELLITE,111.99582484252608,10012.7369095
2026-02-01,SOLUSDT,symbol_cap,vol_target,MEAN_REVERT,None,111.99582484252608,None
2026-02-01,SOLUSDT,min_notional,unknown,unknown,SATELLITE,0.0,10012.1039095
2026-02-01,BTCUSDT,symbol_cap,unknown,unknown,CORE,228.21969138636342,10012.643909499999
2026-02-01,BTCUSDT,symbol_cap,unknown,unknown,CORE,228.21969138636342,10012.643909499999
2026-02-01,BTCUSDT,symbol_cap,vol_target,MEAN_REVERT,None,228.21969138636342,None
2026-02-01,ETHUSDT,symbol_cap,unknown,unknown,CORE,159.8124167180705,10012.625909499999
2026-02-01,ETHUSDT,symbol_cap,unknown,unknown,CORE,159.8124167180705,10012.625909499999
2026-02-01,ETHUSDT,symbol_cap,vol_target,MEAN_REVERT,None,159.8124167180705,None
2026-02-01,SOLUSDT,symbol_cap,unknown,unknown,SATELLITE,111.34191092265117,10012.6059095
2026-02-01,SOLUSDT,symbol_cap,unknown,unknown,SATELLITE,111.34191092265117,10012.6069095
2026-02-01,SOLUSDT,symbol_cap,vol_target,MEAN_REVERT,None,111.34191092265117,None
2026-02-01,BTCUSDT,symbol_cap,unknown,unknown,CORE,227.87527173034803,10014.0289095
2026-02-01,BTCUSDT,symbol_cap,unknown,unknown,CORE,227.87527173034803,10014.036909499999
2026-02-01,BTCUSDT,symbol_cap,vol_target,MEAN_REVERT,None,227.87527173034803,None
2026-02-01,ETHUSDT,symbol_cap,unknown,unknown,CORE,158.65386930917097,10013.9729095
2026-02-01,ETHUSDT,symbol_cap,unknown,unknown,CORE,158.65386930917097,10013.9649095
2026-02-01,ETHUSDT,symbol_cap,vol_target,MEAN_REVERT,None,158.65386930917097,None
2026-02-01,SOLUSDT,symbol_cap,unknown,unknown,SATELLITE,111.17387834655257,10013.9639095
2026-02-01,SOLUSDT,symbol_cap,unknown,unknown,SATELLITE,111.17387834655257,10013.9649095
2026-02-01,SOLUSDT,symbol_cap,vol_target,MEAN_REVERT,None,111.17387834655257,None
2026-02-01,SOLUSDT,min_notional,unknown,unknown,SATELLITE,0.0,10012.6699095
2026-02-01,BTCUSDT,symbol_cap,unknown,unknown,CORE,228.768248300256,10012.3549095
2026-02-01,BTCUSDT,symbol_cap,unknown,unknown,CORE,228.768248300256,10012.3549095
2026-02-01,BTCUSDT,symbol_cap,vol_target,MEAN_REVERT,None,228.768248300256,None
2026-02-01,ETHUSDT,symbol_cap,unknown,unknown,CORE,164.14285603447584,10012.458909500001
2026-02-01,ETHUSDT,symbol_cap,unknown,unknown,CORE,164.14285603447584,10012.4719095
2026-02-01,ETHUSDT,symbol_cap,vol_target,MEAN_REVERT,None,164.14285603447584,None
2026-02-01,SOLUSDT,symbol_cap,unknown,unknown,SATELLITE,116.72524706867019,10012.4399095
2026-02-01,SOLUSDT,symbol_cap,unknown,unknown,SATELLITE,116.72524706867019,10012.3549095
2026-02-01,SOLUSDT,symbol_cap,vol_target,MEAN_REVERT,None,116.72524706867019,None
2026-02-01,BTCUSDT,symbol_cap,unknown,unknown,CORE,229.22649770993658,10013.3619095
2026-02-01,BTCUSDT,symbol_cap,unknown,unknown,CORE,229.22649770993658,10013.3619095
2026-02-01,BTCUSDT,symbol_cap,vol_target,MEAN_REVERT,None,229.22649770993658,None
2026-02-01,ETHUSDT,symbol_cap,unknown,unknown,CORE,163.66171299476417,10013.2729095
2026-02-01,ETHUSDT,symbol_cap,unknown,unknown,CORE,163.66171299476417,10013.2769095
2026-02-01,ETHUSDT,symbol_cap,vol_target,MEAN_REVERT,None,163.66171299476417,None
2026-02-01,SOLUSDT,symbol_cap,unknown,unknown,SATELLITE,116.15019373305618,10013.137909500001
2026-02-01,SOLUSDT,symbol_cap,unknown,unknown,SATELLITE,116.15019373305618,10013.2379095
2026-02-01,SOLUSDT,symbol_cap,vol_target,MEAN_REVERT,None,116.15019373305618,None
2026-02-01,SOLUSDT,min_notional,unknown,unknown,SATELLITE,0.0,10012.1529095
2026-02-01,BTCUSDT,symbol_cap,unknown,unknown,CORE,225.5170650357086,10011.7209095
2026-02-01,BTCUSDT,symbol_cap,unknown,unknown,CORE,225.5170650357086,10011.7209095
2026-02-01,BTCUSDT,symbol_cap,vol_target,MEAN_REVERT,None,225.5170650357086,None
2026-02-01,ETHUSDT,symbol_cap,unknown,unknown,CORE,173.55892733631154,10011.7209095
2026-02-01,ETHUSDT,symbol_cap,unknown,unknown,CORE,173.55892733631154,10011.7189095
2026-02-01,ETHUSDT,symbol_cap,vol_target,MEAN_REVERT,None,173.55892733631154,None
2026-02-01,SOLUSDT,symbol_cap,unknown,unknown,SATELLITE,118.51185530275636,10011.680909499999
2026-02-01,SOLUSDT,symbol_cap,unknown,unknown,SATELLITE,118.51185530275636,10011.680909499999
2026-02-01,SOLUSDT,symbol_cap,vol_target,MEAN_REVERT,None,118.51185530275636,None
2026-02-01,BTCUSDT,symbol_cap,unknown,unknown,CORE,217.18799720367943,10012.2259095
2026-02-01,BTCUSDT,symbol_cap,unknown,unknown,CORE,217.18799720367943,10012.1719095
2026-02-01,BTCUSDT,symbol_cap,vol_target,MEAN_REVERT,None,217.18799720367943,None
2026-02-01,ETHUSDT,symbol_cap,unknown,unknown,CORE,164.07954402212005,10012.2559095
2026-02-01,ETHUSDT,symbol_cap,unknown,unknown,CORE,164.07954402212005,10012.1289095
2026-02-01,ETHUSDT,symbol_cap,vol_target,MEAN_REVERT,None,164.07954402212005,None
2026-02-01,SOLUSDT,symbol_cap,unknown,unknown,SATELLITE,113.5267429451096,10012.1659095
2026-02-01,SOLUSDT,symbol_cap,unknown,unknown,SATELLITE,113.5267429451096,10012.1999095
2026-02-01,SOLUSDT,symbol_cap,vol_target,MEAN_REVERT,None,113.5267429451096,None
2026-02-01,SOLUSDT,min_notional,unknown,unknown,SATELLITE,0.0,10011.833909500001
2026-02-01,BTCUSDT,symbol_cap,unknown,unknown,CORE,216.977331366684,10011.305909499999
2026-02-01,BTCUSDT,symbol_cap,unknown,unknown,CORE,216.977331366684,10011.2889095
2026-02-01,BTCUSDT,symbol_cap,vol_target,MEAN_REVERT,None,216.977331366684,None
2026-02-01,ETHUSDT,symbol_cap,unknown,unknown,CORE,163.22825121000605,10011.2379095
2026-02-01,ETHUSDT,symbol_cap,unknown,unknown,CORE,163.22825121000605,10011.233909499999
2026-02-01,ETHUSDT,symbol_cap,vol_target,MEAN_REVERT,None,163.22825121000605,None
2026-02-01,SOLUSDT,symbol_cap,unknown,unknown,SATELLITE,113.47178914100047,10011.2889095
2026-02-01,SOLUSDT,symbol_cap,unknown,unknown,SATELLITE,113.47178914100047,10011.2889095
2026-02-01,SOLUSDT,symbol_cap,vol_target,MEAN_REVERT,None,113.47178914100047,None
2026-02-01,BTCUSDT,symbol_cap,unknown,unknown,CORE,209.755875719844,10011.9169095
2026-02-01,BTCUSDT,symbol_cap,unknown,unknown,CORE,209.755875719844,10011.9169095
2026-02-01,BTCUSDT,symbol_cap,vol_target,MEAN_REVERT,None,209.755875719844,None
2026-02-01,ETHUSDT,symbol_cap,unknown,unknown,CORE,169.17586404660153,10011.8789095
2026-02-01,ETHUSDT,symbol_cap,unknown,unknown,CORE,169.17586404660153,10011.8809095
2026-02-01,ETHUSDT,symbol_cap,vol_target,MEAN_REVERT,None,169.17586404660153,None
2026-02-01,SOLUSDT,symbol_cap,unknown,unknown,SATELLITE,113.23672523118643,10011.9019095
2026-02-01,SOLUSDT,symbol_cap,unknown,unknown,SATELLITE,113.23672523118643,10011.923909500001
2026-02-01,SOLUSDT,symbol_cap,vol_target,MEAN_REVERT,None,113.23672523118643,None
2026-02-01,SOLUSDT,min_notional,unknown,unknown,SATELLITE,0.0,10011.1219095
2026-02-01,BTCUSDT,symbol_cap,unknown,unknown,CORE,206.821222836504,10010.7309095
2026-02-01,BTCUSDT,symbol_cap,unknown,unknown,CORE,206.821222836504,10010.1999095
2026-02-01,BTCUSDT,symbol_cap,vol_target,MEAN_REVERT,None,206.821222836504,None
2026-02-01,ETHUSDT,symbol_cap,unknown,unknown,CORE,162.34612998940065,10010.7469095
2026-02-01,ETHUSDT,symbol_cap,unknown,unknown,CORE,162.34612998940065,10010.1999095
2026-02-01,ETHUSDT,symbol_cap,vol_target,MEAN_REVERT,None,162.34612998940065,None
2026-02-01,SOLUSDT,symbol_cap,unknown,unknown,SATELLITE,110.26898746364951,10010.9919095
2026-02-01,SOLUSDT,symbol_cap,unknown,unknown,SATELLITE,110.26898746364951,10010.7599095
2026-02-01,SOLUSDT,symbol_cap,vol_target,MEAN_REVERT,None,110.26898746364951,None
2026-02-01,SOLUSDT,min_notional,unknown,unknown,SATELLITE,0.0,10007.8979095
2026-02-01,BTCUSDT,symbol_cap,unknown,unknown,CORE,192.8319224619086,10008.1119095
2026-02-01,BTCUSDT,symbol_cap,unknown,unknown,CORE,192.8319224619086,10008.1119095
2026-02-01,BTCUSDT,symbol_cap,vol_target,MEAN_REVERT,None,192.8319224619086,None
2026-02-01,ETHUSDT,symbol_cap,unknown,unknown,CORE,156.38868237756046,10008.1509095
2026-02-01,ETHUSDT,symbol_cap,unknown,unknown,CORE,156.38868237756046,10008.1509095
2026-02-01,ETHUSDT,symbol_cap,vol_target,MEAN_REVERT,None,156.38868237756046,None
2026-02-01,SOLUSDT,symbol_cap,unknown,unknown,SATELLITE,104.92558980921606,10007.8039095
2026-02-01,SOLUSDT,symbol_cap,unknown,unknown,SATELLITE,104.92558980921606,10007.815909500001
2026-02-01,SOLUSDT,symbol_cap,vol_target,MEAN_REVERT,None,104.92558980921606,None
2026-02-01,SOLUSDT,min_notional,unknown,unknown,SATELLITE,0.0,10004.7939095
2026-02-01,SOLUSDT,min_notional,unknown,unknown,SATELLITE,0.0,10004.340909499999
2026-02-01,ETHUSDT,symbol_cap,unknown,unknown,CORE,153.81436892859597,10005.5569095
2026-02-01,ETHUSDT,symbol_cap,unknown,unknown,CORE,153.81436892859597,10005.5679095
2026-02-01,ETHUSDT,symbol_cap,vol_target,MEAN_REVERT,None,153.81436892859597,None
2026-02-01,SOLUSDT,min_notional,unknown,unknown,SATELLITE,0.0,10007.5929095
2026-02-01,BTCUSDT,symbol_cap,unknown,unknown,CORE,172.038068599656,10008.1319095
2026-02-01,BTCUSDT,symbol_cap,unknown,unknown,CORE,172.038068599656,10008.1159095
2026-02-01,BTCUSDT,symbol_cap,vol_target,MEAN_REVERT,None,172.038068599656,None
2026-02-01,ETHUSDT,symbol_cap,unknown,unknown,CORE,146.99203155481027,10008.1319095
2026-02-01,ETHUSDT,symbol_cap,unknown,unknown,CORE,146.99203155481027,10008.1319095
2026-02-01,ETHUSDT,symbol_cap,vol_target,MEAN_REVERT,None,146.99203155481027,None
2026-02-01,SOLUSDT,min_notional,unknown,unknown,SATELLITE,0.0,10002.851909500001
2026-02-01,SOLUSDT,min_notional,unknown,unknown,SATELLITE,0.0,10010.7049095
2026-02-01,BTCUSDT,symbol_cap,unknown,unknown,CORE,169.72435123706575,10009.4089095
2026-02-01,BTCUSDT,symbol_cap,unknown,unknown,CORE,169.72435123706575,10009.4089095
2026-02-01,BTCUSDT,symbol_cap,vol_target,MEAN_REVERT,None,169.72435123706575,None
2026-02-01,ETHUSDT,symbol_cap,unknown,unknown,CORE,126.1333845237605,10009.4089095
2026-02-01,ETHUSDT,symbol_cap,unknown,unknown,CORE,126.1333845237605,10009.4089095
2026-02-01,ETHUSDT,symbol_cap,vol_target,MEAN_REVERT,None,126.1333845237605,None
2026-02-01,SOLUSDT,symbol_cap,unknown,unknown,SATELLITE,84.15453394182445,10009.5089095
2026-02-01,SOLUSDT,symbol_cap,unknown,unknown,SATELLITE,84.15453394182445,10009.5089095
2026-02-01,SOLUSDT,symbol_cap,vol_target,MEAN_REVERT,None,84.15453394182445,None
2026-02-01,BTCUSDT,symbol_cap,unknown,unknown,CORE,170.76797583658973,10008.8549095
2026-02-01,BTCUSDT,symbol_cap,unknown,unknown,CORE,170.76797583658973,10008.8809095
2026-02-01,BTCUSDT,symbol_cap,vol_target,MEAN_REVERT,None,170.76797583658973,None
2026-02-01,ETHUSDT,symbol_cap,unknown,unknown,CORE,126.54068179581647,10008.8739095
2026-02-01,ETHUSDT,symbol_cap,unknown,unknown,CORE,126.54068179581647,10008.8739095
2026-02-01,ETHUSDT,symbol_cap,vol_target,MEAN_REVERT,None,126.54068179581647,None
2026-02-01,SOLUSDT,symbol_cap,unknown,unknown,SATELLITE,84.54787890877643,10008.7289095
2026-02-01,SOLUSDT,symbol_cap,unknown,unknown,SATELLITE,84.54787890877643,10008.7289095
2026-02-01,SOLUSDT,symbol_cap,vol_target,MEAN_REVERT,None,84.54787890877643,None
2026-02-01,BTCUSDT,symbol_cap,unknown,unknown,CORE,170.75468565144686,10008.4259095
2026-02-01,BTCUSDT,symbol_cap,unknown,unknown,CORE,170.75468565144686,10008.4219095
2026-02-01,BTCUSDT,symbol_cap,vol_target,MEAN_REVERT,None,170.75468565144686,None
2026-02-01,ETHUSDT,symbol_cap,unknown,unknown,CORE,126.50588521522752,10008.3909095
2026-02-01,ETHUSDT,symbol_cap,unknown,unknown,CORE,126.50588521522752,10008.3909095
2026-02-01,ETHUSDT,symbol_cap,vol_target,MEAN_REVERT,None,126.50588521522752,None
2026-02-01,SOLUSDT,symbol_cap,unknown,unknown,SATELLITE,84.59921522036657,10008.3429095
2026-02-01,SOLUSDT,symbol_cap,unknown,unknown,SATELLITE,84.59921522036657,10008.3909095
2026-02-01,SOLUSDT,symbol_cap,vol_target,MEAN_REVERT,None,84.59921522036657,None
2026-02-01,BTCUSDT,symbol_cap,unknown,unknown,CORE,168.82644725053711,10008.4069095
2026-02-01,BTCUSDT,symbol_cap,unknown,unknown,CORE,168.82644725053711,10008.4069095
2026-02-01,BTCUSDT,symbol_cap,vol_target,MEAN_REVERT,None,168.82644725053711,None
2026-02-01,ETHUSDT,symbol_cap,unknown,unknown,CORE,131.58942475734742,10008.4069095
2026-02-01,ETHUSDT,symbol_cap,unknown,unknown,CORE,131.58942475734742,10008.4069095
2026-02-01,ETHUSDT,symbol_cap,vol_target,MEAN_REVERT,None,131.58942475734742,None
2026-02-01,SOLUSDT,symbol_cap,unknown,unknown,SATELLITE,154.77247451101286,10008.4069095
2026-02-01,SOLUSDT,symbol_cap,unknown,unknown,SATELLITE,154.77247451101286,10008.4069095
2026-02-01,SOLUSDT,symbol_cap,vol_target,MEAN_REVERT,None,154.77247451101286,None
2026-02-01,SOLUSDT,min_notional,unknown,unknown,SATELLITE,0.0,10007.3099095
2026-02-01,BTCUSDT,symbol_cap,unknown,unknown,CORE,166.3050000389023,10006.1579095
2026-02-01,BTCUSDT,symbol_cap,unknown,unknown,CORE,166.3050000389023,10005.940909500001
2026-02-01,BTCUSDT,symbol_cap,vol_target,MEAN_REVERT,None,166.3050000389023,None
2026-02-01,ETHUSDT,symbol_cap,unknown,unknown,CORE,127.96189152530019,10006.1719095
2026-02-01,ETHUSDT,symbol_cap,unknown,unknown,CORE,127.96189152530019,10006.1719095
2026-02-01,ETHUSDT,symbol_cap,vol_target,MEAN_REVERT,None,127.96189152530019,None
2026-02-01,SOLUSDT,symbol_cap,unknown,unknown,SATELLITE,147.7008387824702,10006.1689095
2026-02-01,SOLUSDT,symbol_cap,unknown,unknown,SATELLITE,147.7008387824702,10006.1689095
2026-02-01,SOLUSDT,symbol_cap,vol_target,MEAN_REVERT,None,147.7008387824702,None
2026-02-01,ETHUSDT,symbol_cap,unknown,unknown,CORE,121.97763862794656,10006.090909499999
2026-02-01,ETHUSDT,symbol_cap,unknown,unknown,CORE,121.97763862794656,10006.090909499999
2026-02-01,ETHUSDT,symbol_cap,vol_target,MEAN_REVERT,None,121.97763862794656,None
2026-02-01,SOLUSDT,min_notional,unknown,unknown,SATELLITE,0.0,10005.8439095
2026-02-01,SOLUSDT,min_notional,unknown,unknown,SATELLITE,0.0,10002.143909499999
2026-02-01,SOLUSDT,min_notional,unknown,unknown,SATELLITE,0.0,10001.0419095
2026-02-01,SOLUSDT,min_notional,unknown,unknown,SATELLITE,0.0,10004.6949095
2026-02-01,ETHUSDT,symbol_cap,unknown,unknown,CORE,155.13021879043455,10005.5219095
2026-02-01,ETHUSDT,symbol_cap,unknown,unknown,CORE,155.13021879043455,10005.2639095
2026-02-01,ETHUSDT,symbol_cap,vol_target,MEAN_REVERT,None,155.13021879043455,None
2026-02-01,SOLUSDT,min_notional,unknown,unknown,SATELLITE,0.0,10005.037909499999
2026-02-01,SOLUSDT,min_notional,unknown,unknown,SATELLITE,0.0,10004.0679095
2026-02-01,SOLUSDT,min_notional,unknown,unknown,SATELLITE,0.0,10003.1839095
2026-02-01,BTCUSDT,symbol_cap,unknown,unknown,CORE,180.7124526634886,10008.2749095
2026-02-01,BTCUSDT,symbol_cap,unknown,unknown,CORE,180.7124526634886,10008.6869095
2026-02-01,BTCUSDT,symbol_cap,vol_target,MEAN_REVERT,None,180.7124526634886,None
2026-02-01,ETHUSDT,symbol_cap,unknown,unknown,CORE,147.04794382977673,10008.2139095
2026-02-01,ETHUSDT,symbol_cap,unknown,unknown,CORE,147.04794382977673,10008.2139095
2026-02-01,ETHUSDT,symbol_cap,vol_target,MEAN_REVERT,None,147.04794382977673,None
2026-02-01,SOLUSDT,symbol_cap,unknown,unknown,SATELLITE,86.00062366615145,10008.2219095
2026-02-01,SOLUSDT,symbol_cap,unknown,unknown,SATELLITE,86.00062366615145,10008.3449095
2026-02-01,SOLUSDT,symbol_cap,vol_target,MEAN_REVERT,None,86.00062366615145,None
2026-02-01,SOLUSDT,min_notional,unknown,unknown,SATELLITE,0.0,10008.3669095
2026-02-01,BTCUSDT,symbol_cap,unknown,unknown,CORE,178.35326349799206,10007.2819095
2026-02-01,BTCUSDT,symbol_cap,unknown,unknown,CORE,178.35326349799206,10007.5319095
2026-02-01,BTCUSDT,symbol_cap,vol_target,MEAN_REVERT,None,178.35326349799206,None
2026-02-01,ETHUSDT,symbol_cap,unknown,unknown,CORE,142.74055580504137,10007.190909500001
2026-02-01,ETHUSDT,symbol_cap,unknown,unknown,CORE,142.74055580504137,10007.2819095
2026-02-01,ETHUSDT,symbol_cap,vol_target,MEAN_REVERT,None,142.74055580504137,None
2026-02-01,SOLUSDT,symbol_cap,unknown,unknown,SATELLITE,83.71773955648723,10007.190909500001
2026-02-01,SOLUSDT,symbol_cap,unknown,unknown,SATELLITE,83.71773955648723,10007.190909500001
2026-02-01,SOLUSDT,symbol_cap,vol_target,MEAN_REVERT,None,83.71773955648723,None
2026-02-01,SOLUSDT,min_notional,unknown,unknown,SATELLITE,0.0,10002.047909500001
2026-02-01,BTCUSDT,symbol_cap,unknown,unknown,CORE,167.92493707543716,10006.3319095
2026-02-01,BTCUSDT,symbol_cap,unknown,unknown,CORE,167.92493707543716,10006.3689095
2026-02-01,BTCUSDT,symbol_cap,vol_target,MEAN_REVERT,None,167.92493707543716,None
2026-02-01,ETHUSDT,symbol_cap,unknown,unknown,CORE,129.83865219897987,10006.316909500001
2026-02-01,ETHUSDT,symbol_cap,unknown,unknown,CORE,129.83865219897987,10006.2719095
2026-02-01,ETHUSDT,symbol_cap,vol_target,MEAN_REVERT,None,129.83865219897987,None
2026-02-01,SOLUSDT,symbol_cap,unknown,unknown,SATELLITE,75.10632675577521,10006.2599095
2026-02-01,SOLUSDT,symbol_cap,unknown,unknown,SATELLITE,75.10632675577521,10006.2669095
2026-02-01,SOLUSDT,symbol_cap,vol_target,MEAN_REVERT,None,75.10632675577521,None
2026-02-01,BTCUSDT,symbol_cap,unknown,unknown,CORE,175.47306262348454,10008.5629095
2026-02-01,BTCUSDT,symbol_cap,unknown,unknown,CORE,175.47306262348454,10008.5689095
2026-02-01,BTCUSDT,symbol_cap,vol_target,MEAN_REVERT,None,175.47306262348454,None
2026-02-01,ETHUSDT,symbol_cap,unknown,unknown,CORE,133.0619071764468,10007.9819095
2026-02-01,ETHUSDT,symbol_cap,unknown,unknown,CORE,133.0619071764468,10007.9469095
2026-02-01,ETHUSDT,symbol_cap,vol_target,MEAN_REVERT,None,133.0619071764468,None
2026-02-01,SOLUSDT,symbol_cap,unknown,unknown,SATELLITE,77.26841905054484,10008.1079095
2026-02-01,SOLUSDT,symbol_cap,unknown,unknown,SATELLITE,77.26841905054484,10008.1129095
2026-02-01,SOLUSDT,symbol_cap,vol_target,MEAN_REVERT,None,77.26841905054484,None
2026-02-01,SOLUSDT,min_notional,unknown,unknown,SATELLITE,0.0,10008.197909499999
2026-02-01,BTCUSDT,symbol_cap,unknown,unknown,CORE,181.82147303496347,10008.476909500001
2026-02-01,BTCUSDT,symbol_cap,unknown,unknown,CORE,181.82147303496347,10008.476909500001
2026-02-01,BTCUSDT,symbol_cap,vol_target,MEAN_REVERT,None,181.82147303496347,None
2026-02-01,ETHUSDT,symbol_cap,unknown,unknown,CORE,135.4652835096817,10008.5109095
2026-02-01,ETHUSDT,symbol_cap,unknown,unknown,CORE,135.4652835096817,10008.4559095
2026-02-01,ETHUSDT,symbol_cap,vol_target,MEAN_REVERT,None,135.4652835096817,None
2026-02-01,SOLUSDT,symbol_cap,unknown,unknown,SATELLITE,79.47289734167758,10009.0089095
2026-02-01,SOLUSDT,symbol_cap,unknown,unknown,SATELLITE,79.47289734167758,10009.0089095
2026-02-01,SOLUSDT,symbol_cap,vol_target,MEAN_REVERT,None,79.47289734167758,None
2026-02-01,BTCUSDT,symbol_cap,unknown,unknown,CORE,183.53450205259205,10008.2859095
2026-02-01,BTCUSDT,symbol_cap,unknown,unknown,CORE,183.53450205259205,10008.2189095
2026-02-01,BTCUSDT,symbol_cap,vol_target,MEAN_REVERT,None,183.53450205259205,None
2026-02-01,ETHUSDT,symbol_cap,unknown,unknown,CORE,141.64784755662723,10008.2049095
2026-02-01,ETHUSDT,symbol_cap,unknown,unknown,CORE,141.64784755662723,10008.3109095
2026-02-01,ETHUSDT,symbol_cap,vol_target,MEAN_REVERT,None,141.64784755662723,None
2026-02-01,SOLUSDT,symbol_cap,unknown,unknown,SATELLITE,80.88487660713815,10008.1219095
2026-02-01,SOLUSDT,symbol_cap,unknown,unknown,SATELLITE,80.88487660713815,10008.172909500001
2026-02-01,SOLUSDT,symbol_cap,vol_target,MEAN_REVERT,None,80.88487660713815,None
2026-02-01,BTCUSDT,symbol_cap,unknown,unknown,CORE,183.44029621092685,10008.0969095
2026-02-01,BTCUSDT,symbol_cap,unknown,unknown,CORE,183.44029621092685,10008.0969095
2026-02-01,BTCUSDT,symbol_cap,vol_target,MEAN_REVERT,None,183.44029621092685,None
2026-02-01,ETHUSDT,symbol_cap,unknown,unknown,CORE,139.72536705279578,10007.9729095
2026-02-01,ETHUSDT,symbol_cap,unknown,unknown,CORE,139.72536705279578,10007.9729095
2026-02-01,ETHUSDT,symbol_cap,vol_target,MEAN_REVERT,None,139.72536705279578,None
2026-02-01,SOLUSDT,symbol_cap,unknown,unknown,SATELLITE,80.68509133832947,10007.9729095
2026-02-01,SOLUSDT,symbol_cap,unknown,unknown,SATELLITE,80.68509133832947,10007.9729095
2026-02-01,SOLUSDT,symbol_cap,vol_target,MEAN_REVERT,None,80.68509133832947,None
2026-02-01,SOLUSDT,min_notional,unknown,unknown,SATELLITE,0.0,10007.3329095
2026-02-01,BTCUSDT,symbol_cap,unknown,unknown,CORE,183.58236318766112,10006.7859095
2026-02-01,BTCUSDT,symbol_cap,unknown,unknown,CORE,183.58236318766112,10006.7859095
2026-02-01,BTCUSDT,symbol_cap,vol_target,MEAN_REVERT,None,183.58236318766112,None
2026-02-01,ETHUSDT,symbol_cap,unknown,unknown,CORE,136.12644268002154,10006.7259095
2026-02-01,ETHUSDT,symbol_cap,unknown,unknown,CORE,136.12644268002154,10006.7259095
2026-02-01,ETHUSDT,symbol_cap,vol_target,MEAN_REVERT,None,136.12644268002154,None
2026-02-01,SOLUSDT,symbol_cap,unknown,unknown,SATELLITE,80.04727694752607,10006.7259095
2026-02-01,SOLUSDT,symbol_cap,unknown,unknown,SATELLITE,80.04727694752607,10006.7259095
2026-02-01,SOLUSDT,symbol_cap,vol_target,MEAN_REVERT,None,80.04727694752607,None
2026-02-01,BTCUSDT,symbol_cap,unknown,unknown,CORE,183.53777174371027,10006.4529095
2026-02-01,BTCUSDT,symbol_cap,unknown,unknown,CORE,183.53777174371027,10006.2959095
2026-02-01,BTCUSDT,symbol_cap,vol_target,MEAN_REVERT,None,183.53777174371027,None
2026-02-01,ETHUSDT,symbol_cap,unknown,unknown,CORE,135.95467102919264,10006.208909500001
2026-02-01,ETHUSDT,symbol_cap,unknown,unknown,CORE,135.95467102919264,10006.1639095
2026-02-01,ETHUSDT,symbol_cap,vol_target,MEAN_REVERT,None,135.95467102919264,None
2026-02-01,SOLUSDT,symbol_cap,unknown,unknown,SATELLITE,55.567696343288844,10006.3299095
2026-02-01,SOLUSDT,symbol_cap,unknown,unknown,SATELLITE,55.567696343288844,10006.3299095
2026-02-01,SOLUSDT,symbol_cap,vol_target,MEAN_REVERT,None,55.567696343288844,None
2026-02-01,SOLUSDT,min_notional,unknown,unknown,SATELLITE,0.0,10006.2909095
2026-02-01,BTCUSDT,symbol_cap,unknown,unknown,CORE,174.06384677075314,10004.4259095
2026-02-01,BTCUSDT,symbol_cap,unknown,unknown,CORE,174.06384677075314,10001.3749095
2026-02-01,BTCUSDT,symbol_cap,vol_target,MEAN_REVERT,None,174.06384677075314,None
2026-02-01,SOLUSDT,min_notional,unknown,unknown,SATELLITE,0.0,9981.939652379999
2026-02-01,SOLUSDT,min_notional,unknown,unknown,SATELLITE,0.0,9960.216069099999
2026-02-01,SOLUSDT,min_notional,unknown,unknown,SATELLITE,0.0,9946.49052804
2026-02-01,SOLUSDT,min_notional,unknown,unknown,SATELLITE,0.0,9935.08922011
2026-02-01,BTCUSDT,symbol_cap,unknown,unknown,CORE,164.72426994566774,9933.42122011
2026-02-01,SOLUSDT,symbol_cap,unknown,unknown,SATELLITE,48.125343605193436,9933.90652163
2026-02-01,BTCUSDT,symbol_cap,unknown,unknown,CORE,160.30542767696005,9931.36623963
2026-02-01,SOLUSDT,symbol_cap,unknown,unknown,SATELLITE,49.049770487183885,9931.32323963
2026-02-01,BTCUSDT,symbol_cap,unknown,unknown,CORE,159.94562505335614,9931.22288763
2026-02-01,BTCUSDT,symbol_cap,unknown,unknown,CORE,159.7843166524663,9932.880351830001
2026-02-01,SOLUSDT,min_notional,unknown,unknown,SATELLITE,0.0,9931.48651599
2026-02-01,BTCUSDT,symbol_cap,unknown,unknown,CORE,159.73549338767057,9931.38751599
2026-02-01,BTCUSDT,symbol_cap,unknown,unknown,CORE,159.98932029969333,9931.980515989999
2026-02-02,BTCUSDT,symbol_cap,unknown,unknown,CORE,160.1878685526861,9931.78003458
2026-02-02,BTCUSDT,symbol_cap,unknown,unknown,CORE,175.55606083697947,9929.97651326
2026-02-02,BTCUSDT,symbol_cap,unknown,unknown,CORE,175.55606083697947,9929.97651326
2026-02-02,BTCUSDT,symbol_cap,vol_target,MEAN_REVERT,None,175.55606083697947,None
2026-02-02,BTCUSDT,symbol_cap,unknown,unknown,CORE,173.50937150269414,9928.606513260002
2026-02-02,BTCUSDT,symbol_cap,unknown,unknown,CORE,173.50937150269414,9928.58451326
2026-02-02,BTCUSDT,symbol_cap,vol_target,MEAN_REVERT,None,173.50937150269414,None
2026-02-02,BTCUSDT,symbol_cap,unknown,unknown,CORE,172.1395556544434,9930.75151326
2026-02-02,BTCUSDT,symbol_cap,unknown,unknown,CORE,172.1395556544434,9930.76351326
2026-02-02,BTCUSDT,symbol_cap,vol_target,MEAN_REVERT,None,172.1395556544434,None
2026-02-02,SOLUSDT,min_notional,unknown,unknown,SATELLITE,0.0,9930.784513260001
2026-02-02,BTCUSDT,symbol_cap,unknown,unknown,CORE,173.4994337092531,9935.54151326
2026-02-02,BTCUSDT,symbol_cap,unknown,unknown,CORE,173.4994337092531,9935.67351326
2026-02-02,BTCUSDT,symbol_cap,vol_target,MEAN_REVERT,None,173.4994337092531,None
2026-02-02,SOLUSDT,symbol_cap,unknown,unknown,SATELLITE,53.010524498649396,9935.496513260001
2026-02-02,BTCUSDT,symbol_cap,unknown,unknown,CORE,178.77689111024486,9936.74529126
2026-02-02,BTCUSDT,symbol_cap,unknown,unknown,CORE,178.77689111024486,9936.53429126
2026-02-02,BTCUSDT,symbol_cap,vol_target,MEAN_REVERT,None,178.77689111024486,None
2026-02-02,SOLUSDT,symbol_cap,unknown,unknown,SATELLITE,54.53549014221654,9936.74529126
2026-02-02,SOLUSDT,symbol_cap,unknown,unknown,SATELLITE,54.53549014221654,9936.74529126
2026-02-02,SOLUSDT,symbol_cap,vol_target,MEAN_REVERT,None,54.53549014221654,None
2026-02-02,BTCUSDT,symbol_cap,unknown,unknown,CORE,177.29966324272723,9936.66329126
2026-02-02,BTCUSDT,symbol_cap,unknown,unknown,CORE,177.29966324272723,9936.64829126
2026-02-02,BTCUSDT,symbol_cap,vol_target,MEAN_REVERT,None,177.29966324272723,None
2026-02-02,SOLUSDT,symbol_cap,unknown,unknown,SATELLITE,54.34122922399115,9936.66429126
2026-02-02,SOLUSDT,symbol_cap,unknown,unknown,SATELLITE,54.34122922399115,9936.64429126
2026-02-02,SOLUSDT,symbol_cap,vol_target,MEAN_REVERT,None,54.34122922399115,None
2026-02-02,BTCUSDT,symbol_cap,unknown,unknown,CORE,180.6628470355039,9938.83429126
2026-02-02,BTCUSDT,symbol_cap,unknown,unknown,CORE,180.6628470355039,9938.582291260002
2026-02-02,BTCUSDT,symbol_cap,vol_target,MEAN_REVERT,None,180.6628470355039,None
2026-02-02,SOLUSDT,symbol_cap,unknown,unknown,SATELLITE,56.83799947705912,9940.03929126
2026-02-02,SOLUSDT,symbol_cap,unknown,unknown,SATELLITE,56.83799947705912,9940.03929126
2026-02-02,SOLUSDT,symbol_cap,vol_target,MEAN_REVERT,None,56.83799947705912,None
2026-02-02,SOLUSDT,min_notional,unknown,unknown,SATELLITE,0.0,9940.04129126
2026-02-02,BTCUSDT,symbol_cap,unknown,unknown,CORE,185.99734788741208,9939.58329126
2026-02-02,BTCUSDT,symbol_cap,unknown,unknown,CORE,185.99734788741208,9939.56029126
2026-02-02,BTCUSDT,symbol_cap,vol_target,MEAN_REVERT,None,185.99734788741208,None
2026-02-02,ETHUSDT,symbol_cap,unknown,unknown,CORE,106.28241992597407,9939.56029126
2026-02-02,ETHUSDT,symbol_cap,unknown,unknown,CORE,106.28241992597407,9939.58329126
2026-02-02,ETHUSDT,symbol_cap,vol_target,MEAN_REVERT,None,106.28241992597407,None
2026-02-02,SOLUSDT,symbol_cap,unknown,unknown,SATELLITE,58.41027799966355,9939.42829126
2026-02-02,SOLUSDT,symbol_cap,unknown,unknown,SATELLITE,58.41027799966355,9939.37829126
2026-02-02,SOLUSDT,symbol_cap,vol_target,MEAN_REVERT,None,58.41027799966355,None
2026-02-02,BTCUSDT,symbol_cap,unknown,unknown,CORE,187.855419830452,9939.31129126
2026-02-02,BTCUSDT,symbol_cap,unknown,unknown,CORE,187.855419830452,9939.30229126
2026-02-02,BTCUSDT,symbol_cap,vol_target,MEAN_REVERT,None,187.855419830452,None
2026-02-02,ETHUSDT,symbol_cap,unknown,unknown,CORE,108.13167612095904,9939.348291260001
2026-02-02,ETHUSDT,symbol_cap,unknown,unknown,CORE,108.13167612095904,9939.349291260001
2026-02-02,ETHUSDT,symbol_cap,vol_target,MEAN_REVERT,None,108.13167612095904,None
2026-02-02,SOLUSDT,symbol_cap,unknown,unknown,SATELLITE,59.055621868162476,9939.43629126
2026-02-02,SOLUSDT,symbol_cap,unknown,unknown,SATELLITE,59.055621868162476,9939.38129126
2026-02-02,SOLUSDT,symbol_cap,vol_target,MEAN_REVERT,None,59.055621868162476,None
2026-02-02,SOLUSDT,min_notional,unknown,unknown,SATELLITE,0.0,9939.79129126
2026-02-02,BTCUSDT,symbol_cap,unknown,unknown,CORE,199.39685332526935,9941.03029126
2026-02-02,BTCUSDT,symbol_cap,unknown,unknown,CORE,199.39685332526935,9941.13129126
2026-02-02,BTCUSDT,symbol_cap,vol_target,MEAN_REVERT,None,199.39685332526935,None
2026-02-02,ETHUSDT,symbol_cap,unknown,unknown,CORE,112.06656906483462,9941.13129126
2026-02-02,ETHUSDT,symbol_cap,unknown,unknown,CORE,112.06656906483462,9941.13129126
2026-02-02,ETHUSDT,symbol_cap,vol_target,MEAN_REVERT,None,112.06656906483462,None
2026-02-02,SOLUSDT,symbol_cap,unknown,unknown,SATELLITE,60.32131643056921,9941.350291260002
2026-02-02,SOLUSDT,symbol_cap,unknown,unknown,SATELLITE,60.32131643056921,9941.31929126
2026-02-02,SOLUSDT,symbol_cap,vol_target,MEAN_REVERT,None,60.32131643056921,None
2026-02-02,SOLUSDT,min_notional,unknown,unknown,SATELLITE,0.0,9940.65829126
2026-02-02,BTCUSDT,symbol_cap,unknown,unknown,CORE,190.33759490760616,9940.580291260001
2026-02-02,BTCUSDT,symbol_cap,unknown,unknown,CORE,190.33759490760616,9940.59229126
2026-02-02,BTCUSDT,symbol_cap,vol_target,MEAN_REVERT,None,190.33759490760616,None
2026-02-02,ETHUSDT,symbol_cap,unknown,unknown,CORE,107.04908410925519,9940.52329126
2026-02-02,ETHUSDT,symbol_cap,unknown,unknown,CORE,107.04908410925519,9940.53729126
2026-02-02,ETHUSDT,symbol_cap,vol_target,MEAN_REVERT,None,107.04908410925519,None
2026-02-02,SOLUSDT,symbol_cap,unknown,unknown,SATELLITE,58.635323228477304,9940.00029126
2026-02-02,SOLUSDT,symbol_cap,unknown,unknown,SATELLITE,58.635323228477304,9940.41729126
2026-02-02,SOLUSDT,symbol_cap,vol_target,MEAN_REVERT,None,58.635323228477304,None
2026-02-02,SOLUSDT,min_notional,unknown,unknown,SATELLITE,0.0,9938.85529126
2026-02-02,BTCUSDT,symbol_cap,unknown,unknown,CORE,190.48622999175123,9939.223291260001
2026-02-02,BTCUSDT,symbol_cap,unknown,unknown,CORE,190.48622999175123,9939.223291260001
2026-02-02,BTCUSDT,symbol_cap,vol_target,MEAN_REVERT,None,190.48622999175123,None
2026-02-02,ETHUSDT,symbol_cap,unknown,unknown,CORE,104.81837278761382,9939.225291260002
2026-02-02,ETHUSDT,symbol_cap,unknown,unknown,CORE,104.81837278761382,9939.225291260002
2026-02-02,ETHUSDT,symbol_cap,vol_target,MEAN_REVERT,None,104.81837278761382,None
2026-02-02,SOLUSDT,symbol_cap,unknown,unknown,SATELLITE,57.638255287123016,9939.707291260002
2026-02-02,SOLUSDT,symbol_cap,unknown,unknown,SATELLITE,57.638255287123016,9939.707291260002
2026-02-02,SOLUSDT,symbol_cap,vol_target,MEAN_REVERT,None,57.638255287123016,None
2026-02-02,BTCUSDT,symbol_cap,unknown,unknown,CORE,188.7741526452587,9938.16329126
2026-02-02,BTCUSDT,symbol_cap,unknown,unknown,CORE,188.7741526452587,9938.13029126
2026-02-02,BTCUSDT,symbol_cap,vol_target,MEAN_REVERT,None,188.7741526452587,None
2026-02-02,ETHUSDT,symbol_cap,unknown,unknown,CORE,104.15677542204949,9938.170291260001
2026-02-02,ETHUSDT,symbol_cap,unknown,unknown,CORE,104.15677542204949,9938.16329126
2026-02-02,ETHUSDT,symbol_cap,vol_target,MEAN_REVERT,None,104.15677542204949,None
2026-02-02,SOLUSDT,symbol_cap,unknown,unknown,SATELLITE,57.0930260781025,9938.16329126
2026-02-02,SOLUSDT,symbol_cap,unknown,unknown,SATELLITE,57.0930260781025,9938.16329126
2026-02-02,SOLUSDT,symbol_cap,vol_target,MEAN_REVERT,None,57.0930260781025,None
2026-02-02,SOLUSDT,min_notional,unknown,unknown,SATELLITE,0.0,9937.98029126
2026-02-02,BTCUSDT,symbol_cap,unknown,unknown,CORE,192.29873836693386,9937.81029126
2026-02-02,BTCUSDT,symbol_cap,unknown,unknown,CORE,192.29873836693386,9937.812291260001
2026-02-02,BTCUSDT,symbol_cap,vol_target,MEAN_REVERT,None,192.29873836693386,None
2026-02-02,ETHUSDT,symbol_cap,unknown,unknown,CORE,101.3810029982072,9937.812291260001
2026-02-02,ETHUSDT,symbol_cap,unknown,unknown,CORE,101.3810029982072,9937.80029126
2026-02-02,ETHUSDT,symbol_cap,vol_target,MEAN_REVERT,None,101.3810029982072,None
2026-02-02,SOLUSDT,symbol_cap,unknown,unknown,SATELLITE,56.758991708702645,9937.80029126
2026-02-02,SOLUSDT,symbol_cap,unknown,unknown,SATELLITE,56.758991708702645,9937.812291260001
2026-02-02,SOLUSDT,symbol_cap,vol_target,MEAN_REVERT,None,56.758991708702645,None
2026-02-02,BTCUSDT,symbol_cap,unknown,unknown,CORE,189.91246133652092,9938.313291260001
2026-02-02,BTCUSDT,symbol_cap,unknown,unknown,CORE,189.91246133652092,9938.313291260001
2026-02-02,BTCUSDT,symbol_cap,vol_target,MEAN_REVERT,None,189.91246133652092,None
2026-02-02,ETHUSDT,symbol_cap,unknown,unknown,CORE,103.83979382507907,9938.831291260001
2026-02-02,ETHUSDT,symbol_cap,unknown,unknown,CORE,103.83979382507907,9938.313291260001
2026-02-02,ETHUSDT,symbol_cap,vol_target,MEAN_REVERT,None,103.83979382507907,None
2026-02-02,SOLUSDT,symbol_cap,unknown,unknown,SATELLITE,57.19108797071686,9938.82129126
2026-02-02,SOLUSDT,symbol_cap,unknown,unknown,SATELLITE,57.19108797071686,9938.82129126
2026-02-02,SOLUSDT,symbol_cap,vol_target,MEAN_REVERT,None,57.19108797071686,None
2026-02-02,BTCUSDT,symbol_cap,unknown,unknown,CORE,185.76246346781627,9940.21329126
2026-02-02,BTCUSDT,symbol_cap,unknown,unknown,CORE,185.76246346781627,9940.21329126
2026-02-02,BTCUSDT,symbol_cap,vol_target,MEAN_REVERT,None,185.76246346781627,None
2026-02-02,ETHUSDT,symbol_cap,unknown,unknown,CORE,101.54868253600293,9940.22129126
2026-02-02,ETHUSDT,symbol_cap,unknown,unknown,CORE,101.54868253600293,9940.22129126
2026-02-02,ETHUSDT,symbol_cap,vol_target,MEAN_REVERT,None,101.54868253600293,None
2026-02-02,SOLUSDT,symbol_cap,unknown,unknown,SATELLITE,57.264706557511865,9940.17429126
2026-02-02,SOLUSDT,symbol_cap,unknown,unknown,SATELLITE,57.264706557511865,9940.225291260002
2026-02-02,SOLUSDT,symbol_cap,vol_target,MEAN_REVERT,None,57.264706557511865,None
2026-02-02,BTCUSDT,symbol_cap,unknown,unknown,CORE,185.6876421729496,9939.35529126
2026-02-02,BTCUSDT,symbol_cap,unknown,unknown,CORE,185.6876421729496,9939.35529126
2026-02-02,BTCUSDT,symbol_cap,vol_target,MEAN_REVERT,None,185.6876421729496,None
2026-02-02,ETHUSDT,symbol_cap,unknown,unknown,CORE,101.11692382803234,9939.30529126
2026-02-02,ETHUSDT,symbol_cap,unknown,unknown,CORE,101.11692382803234,9939.27329126
2026-02-02,ETHUSDT,symbol_cap,vol_target,MEAN_REVERT,None,101.11692382803234,None
2026-02-02,SOLUSDT,symbol_cap,unknown,unknown,SATELLITE,57.129734597508296,9938.91329126
2026-02-02,SOLUSDT,symbol_cap,unknown,unknown,SATELLITE,57.129734597508296,9939.172291260002
2026-02-02,SOLUSDT,symbol_cap,vol_target,MEAN_REVERT,None,57.129734597508296,None
2026-02-02,BTCUSDT,symbol_cap,unknown,unknown,CORE,184.9831261501713,9938.03629126
2026-02-02,BTCUSDT,symbol_cap,unknown,unknown,CORE,184.9831261501713,9938.03629126
2026-02-02,BTCUSDT,symbol_cap,vol_target,MEAN_REVERT,None,184.9831261501713,None
2026-02-02,ETHUSDT,symbol_cap,unknown,unknown,CORE,100.90079705346665,9937.24529126
2026-02-02,ETHUSDT,symbol_cap,unknown,unknown,CORE,100.90079705346665,9937.24529126
2026-02-02,ETHUSDT,symbol_cap,vol_target,MEAN_REVERT,None,100.90079705346665,None
2026-02-02,SOLUSDT,symbol_cap,unknown,unknown,SATELLITE,57.00185169420319,9937.22929126
2026-02-02,SOLUSDT,symbol_cap,unknown,unknown,SATELLITE,57.00185169420319,9937.29329126
2026-02-02,SOLUSDT,symbol_cap,vol_target,MEAN_REVERT,None,57.00185169420319,None
2026-02-02,SOLUSDT,min_notional,unknown,unknown,SATELLITE,0.0,9934.46329126
2026-02-02,BTCUSDT,symbol_cap,unknown,unknown,CORE,170.06331130336918,9930.688291260001
2026-02-02,BTCUSDT,symbol_cap,unknown,unknown,CORE,170.06331130336918,9930.688291260001
2026-02-02,BTCUSDT,symbol_cap,vol_target,MEAN_REVERT,None,170.06331130336918,None
2026-02-02,SOLUSDT,symbol_cap,unknown,unknown,SATELLITE,54.36477554520819,9930.66029126
2026-02-02,SOLUSDT,symbol_cap,unknown,unknown,SATELLITE,54.36477554520819,9930.66029126
2026-02-02,SOLUSDT,symbol_cap,vol_target,MEAN_REVERT,None,54.36477554520819,None
2026-02-02,SOLUSDT,symbol_cap,unknown,unknown,SATELLITE,68.45751786531254,9934.187291260001
2026-02-02,SOLUSDT,symbol_cap,unknown,unknown,SATELLITE,68.45751786531254,9934.187291260001
2026-02-02,SOLUSDT,symbol_cap,vol_target,MEAN_REVERT,None,68.45751786531254,None
2026-02-02,BTCUSDT,symbol_cap,unknown,unknown,CORE,163.30771263224514,9934.31129126
2026-02-02,BTCUSDT,symbol_cap,unknown,unknown,CORE,163.30771263224514,9934.31129126
2026-02-02,BTCUSDT,symbol_cap,vol_target,MEAN_REVERT,None,163.30771263224514,None
2026-02-02,SOLUSDT,min_notional,unknown,unknown,SATELLITE,0.0,9933.54829126
2026-02-02,BTCUSDT,symbol_cap,unknown,unknown,CORE,158.00739285121296,9938.07229126
2026-02-02,BTCUSDT,symbol_cap,unknown,unknown,CORE,158.00739285121296,9938.12529126
2026-02-02,BTCUSDT,symbol_cap,vol_target,MEAN_REVERT,None,158.00739285121296,None
2026-02-02,ETHUSDT,symbol_cap,unknown,unknown,CORE,87.01062473300252,9938.09529126
2026-02-02,ETHUSDT,symbol_cap,unknown,unknown,CORE,87.01062473300252,9938.12529126
2026-02-02,ETHUSDT,symbol_cap,vol_target,MEAN_REVERT,None,87.01062473300252,None
2026-02-02,SOLUSDT,symbol_cap,unknown,unknown,SATELLITE,67.07215130501656,9938.12529126
2026-02-02,SOLUSDT,symbol_cap,unknown,unknown,SATELLITE,67.07215130501656,9938.12529126
2026-02-02,SOLUSDT,symbol_cap,vol_target,MEAN_REVERT,None,67.07215130501656,None
2026-02-02,BTCUSDT,symbol_cap,unknown,unknown,CORE,172.32600588268946,9936.78729126
2026-02-02,BTCUSDT,symbol_cap,unknown,unknown,CORE,172.32600588268946,9936.73129126
2026-02-02,BTCUSDT,symbol_cap,vol_target,MEAN_REVERT,None,172.32600588268946,None
2026-02-02,ETHUSDT,symbol_cap,unknown,unknown,CORE,91.61003692257012,9936.62229126
2026-02-02,ETHUSDT,symbol_cap,unknown,unknown,CORE,91.61003692257012,9936.73129126
2026-02-02,ETHUSDT,symbol_cap,vol_target,MEAN_REVERT,None,91.61003692257012,None
2026-02-02,SOLUSDT,symbol_cap,unknown,unknown,SATELLITE,66.67912782716132,9936.62229126
2026-02-02,SOLUSDT,symbol_cap,unknown,unknown,SATELLITE,66.67912782716132,9936.62229126
2026-02-02,SOLUSDT,symbol_cap,vol_target,MEAN_REVERT,None,66.67912782716132,None
2026-02-02,SOLUSDT,min_notional,unknown,unknown,SATELLITE,0.0,9936.58629126
2026-02-02,BTCUSDT,symbol_cap,unknown,unknown,CORE,172.74425860473093,9938.97029126
2026-02-02,BTCUSDT,symbol_cap,unknown,unknown,CORE,172.74425860473093,9938.95129126
2026-02-02,BTCUSDT,symbol_cap,vol_target,MEAN_REVERT,None,172.74425860473093,None
2026-02-02,ETHUSDT,symbol_cap,unknown,unknown,CORE,91.05938869112218,9939.09029126
2026-02-02,ETHUSDT,symbol_cap,unknown,unknown,CORE,91.05938869112218,9939.10129126
2026-02-02,ETHUSDT,symbol_cap,vol_target,MEAN_REVERT,None,91.05938869112218,None
2026-02-02,SOLUSDT,symbol_cap,unknown,unknown,SATELLITE,71.30479084197009,9939.11429126
2026-02-02,SOLUSDT,symbol_cap,unknown,unknown,SATELLITE,71.30479084197009,9939.11429126
2026-02-02,SOLUSDT,symbol_cap,vol_target,MEAN_REVERT,None,71.30479084197009,None
2026-02-02,BTCUSDT,symbol_cap,unknown,unknown,CORE,174.09770392177316,9938.224291260001
2026-02-02,BTCUSDT,symbol_cap,unknown,unknown,CORE,174.09770392177316,9938.26429126
2026-02-02,BTCUSDT,symbol_cap,vol_target,MEAN_REVERT,None,174.09770392177316,None
2026-02-02,ETHUSDT,symbol_cap,unknown,unknown,CORE,91.63041878066598,9937.955291260001
2026-02-02,ETHUSDT,symbol_cap,unknown,unknown,CORE,91.63041878066598,9937.955291260001
2026-02-02,ETHUSDT,symbol_cap,vol_target,MEAN_REVERT,None,91.63041878066598,None
2026-02-02,SOLUSDT,symbol_cap,unknown,unknown,SATELLITE,71.58992889068709,9937.993291260002
2026-02-02,SOLUSDT,symbol_cap,unknown,unknown,SATELLITE,71.58992889068709,9937.87129126
2026-02-02,SOLUSDT,symbol_cap,vol_target,MEAN_REVERT,None,71.58992889068709,None
2026-02-02,SOLUSDT,min_notional,unknown,unknown,SATELLITE,0.0,9938.04929126
2026-02-02,BTCUSDT,symbol_cap,unknown,unknown,CORE,187.38528465945197,9938.32029126
2026-02-02,BTCUSDT,symbol_cap,unknown,unknown,CORE,187.38528465945197,9938.32229126
2026-02-02,BTCUSDT,symbol_cap,vol_target,MEAN_REVERT,None,187.38528465945197,None
2026-02-02,ETHUSDT,symbol_cap,unknown,unknown,CORE,96.42944385029202,9937.54129126
2026-02-02,ETHUSDT,symbol_cap,unknown,unknown,CORE,96.42944385029202,9937.544291260001
2026-02-02,ETHUSDT,symbol_cap,vol_target,MEAN_REVERT,None,96.42944385029202,None
2026-02-02,SOLUSDT,symbol_cap,unknown,unknown,SATELLITE,73.11051404313045,9937.64329126
2026-02-02,SOLUSDT,symbol_cap,unknown,unknown,SATELLITE,73.11051404313045,9937.62929126
2026-02-02,SOLUSDT,symbol_cap,vol_target,MEAN_REVERT,None,73.11051404313045,None
2026-02-02,SOLUSDT,min_notional,unknown,unknown,SATELLITE,0.0,9937.32029126
2026-02-02,SOLUSDT,min_notional,unknown,unknown,SATELLITE,0.0,9936.56129126
2026-02-02,BTCUSDT,symbol_cap,unknown,unknown,CORE,187.25721253086797,9934.32929126
2026-02-02,BTCUSDT,symbol_cap,unknown,unknown,CORE,187.25721253086797,9934.32929126
2026-02-02,BTCUSDT,symbol_cap,vol_target,MEAN_REVERT,None,187.25721253086797,None
2026-02-02,ETHUSDT,symbol_cap,unknown,unknown,CORE,94.353883014747,9934.32929126
2026-02-02,ETHUSDT,symbol_cap,unknown,unknown,CORE,94.353883014747,9934.32429126
2026-02-02,ETHUSDT,symbol_cap,vol_target,MEAN_REVERT,None,94.353883014747,None
2026-02-02,SOLUSDT,symbol_cap,unknown,unknown,SATELLITE,73.43748683663966,9934.32929126
2026-02-02,SOLUSDT,symbol_cap,unknown,unknown,SATELLITE,73.43748683663966,9934.32929126
2026-02-02,SOLUSDT,symbol_cap,vol_target,MEAN_REVERT,None,73.43748683663966,None
2026-02-02,BTCUSDT,symbol_cap,unknown,unknown,CORE,182.96428290632232,9932.01629126
2026-02-02,BTCUSDT,symbol_cap,unknown,unknown,CORE,182.96428290632232,9932.01629126
2026-02-02,BTCUSDT,symbol_cap,vol_target,MEAN_REVERT,None,182.96428290632232,None
2026-02-02,SOLUSDT,symbol_cap,unknown,unknown,SATELLITE,72.42404107751574,9932.01629126
2026-02-02,SOLUSDT,symbol_cap,unknown,unknown,SATELLITE,72.42404107751574,9932.01629126
2026-02-02,SOLUSDT,symbol_cap,vol_target,MEAN_REVERT,None,72.42404107751574,None
2026-02-02,SOLUSDT,min_notional,unknown,unknown,SATELLITE,0.0,9931.29829126
2026-02-02,BTCUSDT,symbol_cap,unknown,unknown,CORE,172.56840432082615,9932.490291260001
2026-02-02,BTCUSDT,symbol_cap,unknown,unknown,CORE,172.56840432082615,9932.581291260001
2026-02-02,BTCUSDT,symbol_cap,vol_target,MEAN_REVERT,None,172.56840432082615,None
2026-02-02,ETHUSDT,symbol_cap,unknown,unknown,CORE,89.49788792224393,9932.46129126
2026-02-02,ETHUSDT,symbol_cap,unknown,unknown,CORE,89.49788792224393,9932.46129126
2026-02-02,ETHUSDT,symbol_cap,vol_target,MEAN_REVERT,None,89.49788792224393,None
2026-02-02,SOLUSDT,symbol_cap,unknown,unknown,SATELLITE,110.7452965014951,9932.46329126
2026-02-02,SOLUSDT,symbol_cap,unknown,unknown,SATELLITE,110.7452965014951,9932.46129126
2026-02-02,SOLUSDT,symbol_cap,vol_target,MEAN_REVERT,None,110.7452965014951,None
2026-02-02,BTCUSDT,symbol_cap,unknown,unknown,CORE,174.42486323963112,9933.09429126
2026-02-02,BTCUSDT,symbol_cap,unknown,unknown,CORE,174.42486323963112,9933.09429126
2026-02-02,BTCUSDT,symbol_cap,vol_target,MEAN_REVERT,None,174.42486323963112,None
2026-02-02,ETHUSDT,symbol_cap,unknown,unknown,CORE,91.21757325515833,9932.654291260002
2026-02-02,ETHUSDT,symbol_cap,unknown,unknown,CORE,91.21757325515833,9932.66229126
2026-02-02,ETHUSDT,symbol_cap,vol_target,MEAN_REVERT,None,91.21757325515833,None
2026-02-02,SOLUSDT,symbol_cap,unknown,unknown,SATELLITE,112.61461307789645,9932.652291260001
2026-02-02,SOLUSDT,symbol_cap,unknown,unknown,SATELLITE,112.61461307789645,9932.72629126
2026-02-02,SOLUSDT,symbol_cap,vol_target,MEAN_REVERT,None,112.61461307789645,None
2026-02-02,SOLUSDT,min_notional,unknown,unknown,SATELLITE,0.0,9932.68129126
2026-02-02,BTCUSDT,symbol_cap,unknown,unknown,CORE,174.21329827548203,9933.25629126
2026-02-02,BTCUSDT,symbol_cap,unknown,unknown,CORE,174.21329827548203,9933.25329126
2026-02-02,BTCUSDT,symbol_cap,vol_target,MEAN_REVERT,None,174.21329827548203,None
2026-02-02,ETHUSDT,symbol_cap,unknown,unknown,CORE,90.709510771655,9933.295291260001
2026-02-02,ETHUSDT,symbol_cap,unknown,unknown,CORE,90.709510771655,9933.25329126
2026-02-02,ETHUSDT,symbol_cap,vol_target,MEAN_REVERT,None,90.709510771655,None
2026-02-02,SOLUSDT,symbol_cap,unknown,unknown,SATELLITE,112.7527598675817,9933.25329126
2026-02-02,SOLUSDT,symbol_cap,unknown,unknown,SATELLITE,112.7527598675817,9933.25329126
2026-02-02,SOLUSDT,symbol_cap,vol_target,MEAN_REVERT,None,112.7527598675817,None
2026-02-02,ETHUSDT,symbol_cap,unknown,unknown,CORE,103.66473009281576,9930.07529126
2026-02-02,ETHUSDT,symbol_cap,unknown,unknown,CORE,103.66473009281576,9929.32129126
2026-02-02,ETHUSDT,symbol_cap,vol_target,MEAN_REVERT,None,103.66473009281576,None
2026-02-02,SOLUSDT,symbol_cap,unknown,unknown,SATELLITE,132.8123057273759,9930.07429126
2026-02-02,SOLUSDT,symbol_cap,unknown,unknown,SATELLITE,132.8123057273759,9930.07529126
2026-02-02,SOLUSDT,symbol_cap,vol_target,MEAN_REVERT,None,132.8123057273759,None
2026-02-02,SOLUSDT,min_notional,unknown,unknown,SATELLITE,0.0,9930.07429126
2026-02-02,BTCUSDT,symbol_cap,unknown,unknown,CORE,186.6227371144349,9932.13729126
2026-02-02,BTCUSDT,symbol_cap,unknown,unknown,CORE,186.6227371144349,9932.13729126
2026-02-02,BTCUSDT,symbol_cap,vol_target,MEAN_REVERT,None,186.6227371144349,None
2026-02-02,ETHUSDT,symbol_cap,unknown,unknown,CORE,97.2006592669424,9932.13729126
2026-02-02,ETHUSDT,symbol_cap,unknown,unknown,CORE,97.2006592669424,9932.13729126
2026-02-02,ETHUSDT,symbol_cap,vol_target,MEAN_REVERT,None,97.2006592669424,None
2026-02-02,SOLUSDT,symbol_cap,unknown,unknown,SATELLITE,124.04744779085392,9931.671291260001
2026-02-02,SOLUSDT,symbol_cap,unknown,unknown,SATELLITE,124.04744779085392,9931.69229126
2026-02-02,SOLUSDT,symbol_cap,vol_target,MEAN_REVERT,None,124.04744779085392,None
2026-02-02,SOLUSDT,min_notional,unknown,unknown,SATELLITE,0.0,9929.76429126
2026-02-02,SOLUSDT,min_notional,unknown,unknown,SATELLITE,0.0,9926.23429126
2026-02-02,SOLUSDT,min_notional,unknown,unknown,SATELLITE,0.0,9925.20829126
2026-02-02,SOLUSDT,min_notional,unknown,unknown,SATELLITE,0.0,9912.00589922
2026-02-02,SOLUSDT,min_notional,unknown,unknown,SATELLITE,0.0,9905.78089922
2026-02-02,SOLUSDT,min_notional,unknown,unknown,SATELLITE,0.0,9902.95889922
2026-02-02,SOLUSDT,min_notional,unknown,unknown,SATELLITE,0.0,9917.050899220001
2026-02-02,SOLUSDT,min_notional,unknown,unknown,SATELLITE,0.0,9913.86289922
2026-02-02,SOLUSDT,min_notional,unknown,unknown,SATELLITE,0.0,9912.01589922
2026-02-02,SOLUSDT,min_notional,unknown,unknown,SATELLITE,0.0,9919.66189922
2026-02-02,SOLUSDT,symbol_cap,unknown,unknown,SATELLITE,74.2428588748621,9921.20789922
2026-02-02,SOLUSDT,symbol_cap,unknown,unknown,SATELLITE,74.2428588748621,9920.674899220001
2026-02-02,SOLUSDT,symbol_cap,vol_target,MEAN_REVERT,None,74.2428588748621,None
2026-02-02,ETHUSDT,symbol_cap,unknown,unknown,CORE,88.03735393177551,9920.94189922
2026-02-02,ETHUSDT,symbol_cap,unknown,unknown,CORE,88.03735393177551,9920.942899220001
2026-02-02,ETHUSDT,symbol_cap,vol_target,MEAN_REVERT,None,88.03735393177551,None
2026-02-02,SOLUSDT,symbol_cap,unknown,unknown,SATELLITE,81.00729004503663,9920.82989922
2026-02-02,SOLUSDT,symbol_cap,unknown,unknown,SATELLITE,81.00729004503663,9920.82989922
2026-02-02,SOLUSDT,symbol_cap,vol_target,MEAN_REVERT,None,81.00729004503663,None
2026-02-02,SOLUSDT,min_notional,unknown,unknown,SATELLITE,0.0,9919.97389922
2026-02-02,ETHUSDT,symbol_cap,unknown,unknown,CORE,88.63578335637968,9919.59689922
2026-02-02,ETHUSDT,symbol_cap,unknown,unknown,CORE,88.63578335637968,9919.593899219999
2026-02-02,ETHUSDT,symbol_cap,vol_target,MEAN_REVERT,None,88.63578335637968,None
2026-02-02,SOLUSDT,symbol_cap,unknown,unknown,SATELLITE,81.34296523518637,9919.718899219999
2026-02-02,SOLUSDT,symbol_cap,unknown,unknown,SATELLITE,81.34296523518637,9919.718899219999
2026-02-02,SOLUSDT,symbol_cap,vol_target,MEAN_REVERT,None,81.34296523518637,None
2026-02-02,SOLUSDT,symbol_cap,unknown,unknown,SATELLITE,90.05861449166875,9916.75789922
2026-02-02,SOLUSDT,symbol_cap,unknown,unknown,SATELLITE,90.05861449166875,9916.75789922
2026-02-02,SOLUSDT,symbol_cap,vol_target,MEAN_REVERT,None,90.05861449166875,None
2026-02-02,SOLUSDT,min_notional,unknown,unknown,SATELLITE,0.0,9916.75789922
2026-02-02,SOLUSDT,min_notional,unknown,unknown,SATELLITE,0.0,9915.09489922
2026-02-02,SOLUSDT,symbol_cap,unknown,unknown,SATELLITE,88.79700852432359,9915.728899220001
2026-02-02,SOLUSDT,symbol_cap,unknown,unknown,SATELLITE,88.79700852432359,9915.728899220001
2026-02-02,SOLUSDT,symbol_cap,vol_target,MEAN_REVERT,None,88.79700852432359,None
2026-02-02,SOLUSDT,min_notional,unknown,unknown,SATELLITE,0.0,9912.03689922
2026-02-02,SOLUSDT,min_notional,unknown,unknown,SATELLITE,0.0,9908.092899219999
2026-02-02,SOLUSDT,min_notional,unknown,unknown,SATELLITE,0.0,9909.04789922
2026-02-02,SOLUSDT,min_notional,unknown,unknown,SATELLITE,0.0,9909.19489922
2026-02-02,SOLUSDT,min_notional,unknown,unknown,SATELLITE,0.0,9909.806899219999
2026-02-02,SOLUSDT,min_notional,unknown,unknown,SATELLITE,0.0,9910.45289922
2026-02-02,SOLUSDT,min_notional,unknown,unknown,SATELLITE,0.0,9912.35289922
2026-02-02,BTCUSDT,symbol_cap,unknown,unknown,CORE,189.9987893499739,9915.01889922
2026-02-02,BTCUSDT,symbol_cap,unknown,unknown,CORE,189.9987893499739,9915.022899219999
2026-02-02,BTCUSDT,symbol_cap,vol_target,MEAN_REVERT,None,189.9987893499739,None
2026-02-02,SOLUSDT,symbol_cap,unknown,unknown,SATELLITE,78.03336393500376,9915.01989922
2026-02-02,SOLUSDT,symbol_cap,unknown,unknown,SATELLITE,78.03336393500376,9915.022899219999
2026-02-02,SOLUSDT,symbol_cap,vol_target,MEAN_REVERT,None,78.03336393500376,None
2026-02-02,BTCUSDT,symbol_cap,unknown,unknown,CORE,186.78883030006398,9916.57689922
2026-02-02,BTCUSDT,symbol_cap,unknown,unknown,CORE,186.78883030006398,9916.01889922
2026-02-02,BTCUSDT,symbol_cap,vol_target,MEAN_REVERT,None,186.78883030006398,None
2026-02-02,SOLUSDT,symbol_cap,unknown,unknown,SATELLITE,78.13763169012834,9916.557899219999
2026-02-02,SOLUSDT,symbol_cap,unknown,unknown,SATELLITE,78.13763169012834,9916.52589922
2026-02-02,SOLUSDT,symbol_cap,vol_target,MEAN_REVERT,None,78.13763169012834,None
2026-02-02,BTCUSDT,symbol_cap,unknown,unknown,CORE,185.77186268782813,9915.67789922
2026-02-02,BTCUSDT,symbol_cap,unknown,unknown,CORE,185.77186268782813,9915.621899220001
2026-02-02,BTCUSDT,symbol_cap,vol_target,MEAN_REVERT,None,185.77186268782813,None
2026-02-02,SOLUSDT,symbol_cap,unknown,unknown,SATELLITE,77.96737221420949,9915.747899220001
2026-02-02,SOLUSDT,symbol_cap,unknown,unknown,SATELLITE,77.96737221420949,9915.69689922
2026-02-02,SOLUSDT,symbol_cap,vol_target,MEAN_REVERT,None,77.96737221420949,None
2026-02-02,BTCUSDT,symbol_cap,unknown,unknown,CORE,185.4978193998484,9915.70689922
2026-02-02,BTCUSDT,symbol_cap,unknown,unknown,CORE,185.4978193998484,9915.70789922
2026-02-02,BTCUSDT,symbol_cap,vol_target,MEAN_REVERT,None,185.4978193998484,None
2026-02-02,SOLUSDT,symbol_cap,unknown,unknown,SATELLITE,68.35758565346869,9914.485899219999
2026-02-02,SOLUSDT,symbol_cap,unknown,unknown,SATELLITE,68.35758565346869,9914.485899219999
2026-02-02,SOLUSDT,symbol_cap,vol_target,MEAN_REVERT,None,68.35758565346869,None
2026-02-02,SOLUSDT,min_notional,unknown,unknown,SATELLITE,0.0,9910.711899220001
2026-02-02,SOLUSDT,min_notional,unknown,unknown,SATELLITE,0.0,9907.88289922
2026-02-02,BTCUSDT,symbol_cap,unknown,unknown,CORE,178.92660472108818,9920.147899219999
2026-02-02,BTCUSDT,symbol_cap,unknown,unknown,CORE,178.92660472108818,9920.147899219999
2026-02-02,BTCUSDT,symbol_cap,vol_target,MEAN_REVERT,None,178.92660472108818,None
2026-02-02,SOLUSDT,symbol_cap,unknown,unknown,SATELLITE,66.94288002404947,9920.128899219999
2026-02-02,SOLUSDT,symbol_cap,unknown,unknown,SATELLITE,66.94288002404947,9920.13089922
2026-02-02,SOLUSDT,symbol_cap,vol_target,MEAN_REVERT,None,66.94288002404947,None
2026-02-02,SOLUSDT,min_notional,unknown,unknown,SATELLITE,0.0,9919.806899219999
2026-02-02,BTCUSDT,symbol_cap,unknown,unknown,CORE,172.79108517101122,9918.35989922
2026-02-02,BTCUSDT,symbol_cap,unknown,unknown,CORE,172.79108517101122,9918.35989922
2026-02-02,BTCUSDT,symbol_cap,vol_target,MEAN_REVERT,None,172.79108517101122,None
2026-02-02,SOLUSDT,symbol_cap,unknown,unknown,SATELLITE,76.8435632571923,9918.36689922
2026-02-02,SOLUSDT,symbol_cap,unknown,unknown,SATELLITE,76.8435632571923,9918.36589922
2026-02-02,SOLUSDT,symbol_cap,vol_target,MEAN_REVERT,None,76.8435632571923,None
2026-02-02,BTCUSDT,symbol_cap,unknown,unknown,CORE,172.88554791347735,9921.22589922
2026-02-02,BTCUSDT,symbol_cap,unknown,unknown,CORE,172.88554791347735,9921.22589922
2026-02-02,BTCUSDT,symbol_cap,vol_target,MEAN_REVERT,None,172.88554791347735,None
2026-02-02,ETHUSDT,symbol_cap,unknown,unknown,CORE,85.40337289063989,9921.34189922
2026-02-02,ETHUSDT,symbol_cap,unknown,unknown,CORE,85.40337289063989,9921.23989922
2026-02-02,ETHUSDT,symbol_cap,vol_target,MEAN_REVERT,None,85.40337289063989,None
2026-02-02,SOLUSDT,symbol_cap,unknown,unknown,SATELLITE,77.05008170633737,9921.34189922
2026-02-02,SOLUSDT,symbol_cap,unknown,unknown,SATELLITE,77.05008170633737,9921.34189922
2026-02-02,SOLUSDT,symbol_cap,vol_target,MEAN_REVERT,None,77.05008170633737,None
2026-02-02,SOLUSDT,min_notional,unknown,unknown,SATELLITE,0.0,9921.395899219999
2026-02-02,BTCUSDT,symbol_cap,unknown,unknown,CORE,181.6171691909879,9921.32889922
2026-02-02,BTCUSDT,symbol_cap,unknown,unknown,CORE,181.6171691909879,9921.639899220001
2026-02-02,BTCUSDT,symbol_cap,vol_target,MEAN_REVERT,None,181.6171691909879,None
2026-02-02,ETHUSDT,symbol_cap,unknown,unknown,CORE,65.59142026198957,9921.64089922
2026-02-02,ETHUSDT,symbol_cap,unknown,unknown,CORE,65.59142026198957,9921.64089922
2026-02-02,ETHUSDT,symbol_cap,vol_target,MEAN_REVERT,None,65.59142026198957,None
2026-02-02,SOLUSDT,symbol_cap,unknown,unknown,SATELLITE,78.97598516897794,9921.35989922
2026-02-02,SOLUSDT,symbol_cap,unknown,unknown,SATELLITE,78.97598516897794,9921.41989922
2026-02-02,SOLUSDT,symbol_cap,vol_target,MEAN_REVERT,None,78.97598516897794,None
2026-02-02,SOLUSDT,min_notional,unknown,unknown,SATELLITE,0.0,9923.84889922
2026-02-02,BTCUSDT,symbol_cap,unknown,unknown,CORE,176.82485548797644,9921.61889922
2026-02-02,BTCUSDT,symbol_cap,unknown,unknown,CORE,176.82485548797644,9921.65889922
2026-02-02,BTCUSDT,symbol_cap,vol_target,MEAN_REVERT,None,176.82485548797644,None
2026-02-02,ETHUSDT,symbol_cap,unknown,unknown,CORE,64.19858997207419,9921.65189922
2026-02-02,ETHUSDT,symbol_cap,unknown,unknown,CORE,64.19858997207419,9921.65089922
2026-02-02,ETHUSDT,symbol_cap,vol_target,MEAN_REVERT,None,64.19858997207419,None
2026-02-02,SOLUSDT,symbol_cap,unknown,unknown,SATELLITE,77.5907013157406,9921.79889922
2026-02-02,SOLUSDT,symbol_cap,unknown,unknown,SATELLITE,77.5907013157406,9921.65089922
2026-02-02,SOLUSDT,symbol_cap,vol_target,MEAN_REVERT,None,77.5907013157406,None
2026-02-02,BTCUSDT,symbol_cap,unknown,unknown,CORE,204.30281811632904,9922.34989922
2026-02-02,BTCUSDT,symbol_cap,unknown,unknown,CORE,204.30281811632904,9922.34989922
2026-02-02,BTCUSDT,symbol_cap,vol_target,MEAN_REVERT,None,204.30281811632904,None
2026-02-02,ETHUSDT,symbol_cap,unknown,unknown,CORE,69.41528072751254,9922.51189922
2026-02-02,ETHUSDT,symbol_cap,unknown,unknown,CORE,69.41528072751254,9922.550899220001
2026-02-02,ETHUSDT,symbol_cap,vol_target,MEAN_REVERT,None,69.41528072751254,None
2026-02-02,SOLUSDT,symbol_cap,unknown,unknown,SATELLITE,84.4270133675413,9922.51089922
2026-02-02,SOLUSDT,symbol_cap,unknown,unknown,SATELLITE,84.4270133675413,9922.550899220001
2026-02-02,SOLUSDT,symbol_cap,vol_target,MEAN_REVERT,None,84.4270133675413,None
2026-02-02,SOLUSDT,min_notional,unknown,unknown,SATELLITE,0.0,9922.71389922
2026-02-02,BTCUSDT,symbol_cap,unknown,unknown,CORE,184.5225660585519,9920.98889922
2026-02-02,BTCUSDT,symbol_cap,unknown,unknown,CORE,184.5225660585519,9920.93389922
2026-02-02,BTCUSDT,symbol_cap,vol_target,MEAN_REVERT,None,184.5225660585519,None
2026-02-02,ETHUSDT,symbol_cap,unknown,unknown,CORE,62.87714924554871,9920.87089922
2026-02-02,ETHUSDT,symbol_cap,unknown,unknown,CORE,62.87714924554871,9920.91689922
2026-02-02,ETHUSDT,symbol_cap,vol_target,MEAN_REVERT,None,62.87714924554871,None
2026-02-02,SOLUSDT,symbol_cap,unknown,unknown,SATELLITE,77.14055079680577,9920.88389922
2026-02-02,SOLUSDT,symbol_cap,unknown,unknown,SATELLITE,77.14055079680577,9920.932899219999
2026-02-02,SOLUSDT,symbol_cap,vol_target,MEAN_REVERT,None,77.14055079680577,None
2026-02-02,SOLUSDT,min_notional,unknown,unknown,SATELLITE,0.0,9920.63189922
2026-02-02,BTCUSDT,symbol_cap,unknown,unknown,CORE,189.4055468838172,9921.73189922
2026-02-02,BTCUSDT,symbol_cap,unknown,unknown,CORE,189.4055468838172,9921.73189922
2026-02-02,BTCUSDT,symbol_cap,vol_target,MEAN_REVERT,None,189.4055468838172,None
2026-02-02,ETHUSDT,symbol_cap,unknown,unknown,CORE,61.051725124012,9921.781899220001
2026-02-02,ETHUSDT,symbol_cap,unknown,unknown,CORE,61.051725124012,9921.78789922
2026-02-02,ETHUSDT,symbol_cap,vol_target,MEAN_REVERT,None,61.051725124012,None
2026-02-02,SOLUSDT,symbol_cap,unknown,unknown,SATELLITE,74.4206885634397,9921.71489922
2026-02-02,SOLUSDT,symbol_cap,unknown,unknown,SATELLITE,74.4206885634397,9921.71489922
2026-02-02,SOLUSDT,symbol_cap,vol_target,MEAN_REVERT,None,74.4206885634397,None
2026-02-02,SOLUSDT,min_notional,unknown,unknown,SATELLITE,0.0,9922.92889922
2026-02-02,BTCUSDT,symbol_cap,unknown,unknown,CORE,179.78250734260462,9921.75789922
2026-02-02,BTCUSDT,symbol_cap,unknown,unknown,CORE,179.78250734260462,9921.75789922
2026-02-02,BTCUSDT,symbol_cap,vol_target,MEAN_REVERT,None,179.78250734260462,None
2026-02-02,ETHUSDT,symbol_cap,unknown,unknown,CORE,58.318550400379905,9921.73489922
2026-02-02,ETHUSDT,symbol_cap,unknown,unknown,CORE,58.318550400379905,9921.75789922
2026-02-02,ETHUSDT,symbol_cap,vol_target,MEAN_REVERT,None,58.318550400379905,None
2026-02-02,SOLUSDT,symbol_cap,unknown,unknown,SATELLITE,71.23471183779048,9922.05589922
2026-02-02,SOLUSDT,symbol_cap,unknown,unknown,SATELLITE,71.23471183779048,9921.73489922
2026-02-02,SOLUSDT,symbol_cap,vol_target,MEAN_REVERT,None,71.23471183779048,None
2026-02-02,BTCUSDT,symbol_cap,unknown,unknown,CORE,192.8551101832422,9923.97089922
2026-02-02,BTCUSDT,symbol_cap,unknown,unknown,CORE,192.8551101832422,9923.88889922
2026-02-02,BTCUSDT,symbol_cap,vol_target,MEAN_REVERT,None,192.8551101832422,None
2026-02-02,ETHUSDT,symbol_cap,unknown,unknown,CORE,61.37717513127025,9923.93989922
2026-02-02,ETHUSDT,symbol_cap,unknown,unknown,CORE,61.37717513127025,9923.80389922
2026-02-02,ETHUSDT,symbol_cap,vol_target,MEAN_REVERT,None,61.37717513127025,None
2026-02-02,SOLUSDT,symbol_cap,unknown,unknown,SATELLITE,74.76053859887024,9923.80189922
2026-02-02,SOLUSDT,symbol_cap,unknown,unknown,SATELLITE,74.76053859887024,9923.80189922
2026-02-02,SOLUSDT,symbol_cap,vol_target,MEAN_REVERT,None,74.76053859887024,None
2026-02-02,SOLUSDT,min_notional,unknown,unknown,SATELLITE,0.0,9923.20989922
2026-02-02,BTCUSDT,symbol_cap,unknown,unknown,CORE,190.639972739416,9924.467899219999
2026-02-02,BTCUSDT,symbol_cap,unknown,unknown,CORE,190.639972739416,9924.66789922
2026-02-02,BTCUSDT,symbol_cap,vol_target,MEAN_REVERT,None,190.639972739416,None
2026-02-02,ETHUSDT,symbol_cap,unknown,unknown,CORE,59.865118252852966,9924.699899219999
2026-02-02,ETHUSDT,symbol_cap,unknown,unknown,CORE,59.865118252852966,9924.37689922
2026-02-02,ETHUSDT,symbol_cap,vol_target,MEAN_REVERT,None,59.865118252852966,None
2026-02-02,SOLUSDT,symbol_cap,unknown,unknown,SATELLITE,73.66212588955811,9924.58289922
2026-02-02,SOLUSDT,symbol_cap,unknown,unknown,SATELLITE,73.66212588955811,9924.58389922
2026-02-02,SOLUSDT,symbol_cap,vol_target,MEAN_REVERT,None,73.66212588955811,None
2026-02-02,SOLUSDT,min_notional,unknown,unknown,SATELLITE,0.0,9923.52961709
2026-02-02,SOLUSDT,min_notional,unknown,unknown,SATELLITE,0.0,9911.79006193
2026-02-02,SOLUSDT,min_notional,unknown,unknown,SATELLITE,0.0,9898.684399130001
2026-02-02,SOLUSDT,min_notional,unknown,unknown,SATELLITE,0.0,9884.24348779
2026-02-02,SOLUSDT,min_notional,unknown,unknown,SATELLITE,0.0,9871.719856579999
2026-02-02,SOLUSDT,min_notional,unknown,unknown,SATELLITE,0.0,9860.370553159999
2026-02-02,SOLUSDT,min_notional,unknown,unknown,SATELLITE,0.0,9843.7001409
2026-02-02,SOLUSDT,min_notional,unknown,unknown,SATELLITE,0.0,9831.83171129
2026-02-02,SOLUSDT,min_notional,unknown,unknown,SATELLITE,0.0,9824.79604103
2026-02-02,SOLUSDT,min_notional,unknown,unknown,SATELLITE,0.0,9815.980926240001
2026-02-02,ETHUSDT,min_notional,unknown,unknown,CORE,0.0,9813.29797933
2026-02-02,ETHUSDT,min_notional,unknown,unknown,CORE,0.0,9808.9806573
2026-02-02,ETHUSDT,min_notional,unknown,unknown,CORE,0.0,9804.82110376
2026-02-02,ETHUSDT,min_notional,unknown,unknown,CORE,0.0,9799.32229314
2026-02-02,ETHUSDT,min_notional,unknown,unknown,CORE,0.0,9793.14944557
2026-02-02,ETHUSDT,min_notional,unknown,unknown,CORE,0.0,9788.16745507
2026-02-02,ETHUSDT,min_notional,unknown,unknown,CORE,0.0,9782.91595659
2026-02-02,ETHUSDT,min_notional,unknown,unknown,CORE,0.0,9778.03875838
2026-02-02,ETHUSDT,min_notional,unknown,unknown,CORE,0.0,9773.31320031
2026-02-02,ETHUSDT,min_notional,unknown,unknown,CORE,0.0,9768.75553905
2026-02-02,ETHUSDT,min_notional,unknown,unknown,CORE,0.0,9763.28076821
2026-02-02,ETHUSDT,min_notional,unknown,unknown,CORE,0.0,9757.68361114
2026-02-02,ETHUSDT,min_notional,unknown,unknown,CORE,0.0,9753.24516134
2026-02-02,ETHUSDT,min_notional,unknown,unknown,CORE,0.0,9748.690342009999
2026-02-02,ETHUSDT,min_notional,unknown,unknown,CORE,0.0,9742.3053296
2026-02-02,ETHUSDT,min_notional,unknown,unknown,CORE,0.0,9739.317601679999
2026-02-02,ETHUSDT,min_notional,unknown,unknown,CORE,0.0,9734.4184531
2026-02-02,ETHUSDT,min_notional,unknown,unknown,CORE,0.0,9729.95030952
2026-02-02,ETHUSDT,min_notional,unknown,unknown,CORE,0.0,9726.571234089999
2026-02-02,ETHUSDT,min_notional,unknown,unknown,CORE,0.0,9721.93429399
2026-02-02,ETHUSDT,min_notional,unknown,unknown,CORE,0.0,9718.16587667
2026-02-02,ETHUSDT,min_notional,unknown,unknown,CORE,0.0,9715.403812550001
2026-02-02,ETHUSDT,min_notional,unknown,unknown,CORE,0.0,9709.77044485
2026-02-02,ETHUSDT,min_notional,unknown,unknown,CORE,0.0,9707.06037823
2026-02-02,ETHUSDT,min_notional,unknown,unknown,CORE,0.0,9710.8590652
2026-02-02,ETHUSDT,min_notional,unknown,unknown,CORE,0.0,9707.58742262
2026-02-02,ETHUSDT,min_notional,unknown,unknown,CORE,0.0,9698.32979289
2026-02-02,ETHUSDT,min_notional,unknown,unknown,CORE,0.0,9696.96581774
2026-02-02,BTCUSDT,kill_switch,unknown,unknown,None,50.0,None
2026-02-02,BTCUSDT,per_trade_cap,unknown,unknown,None,150.0,None
2026-02-02,BTCUSDT,open_notional_cap,unknown,unknown,None,120.0,None
2026-02-02,BTCUSDT,nav_stale,unknown,unknown,None,30.0,9696.564332869999
2026-02-02,BTCUSDT,max_trade_nav,unknown,unknown,None,800.0,4400.0
2026-02-02,BTCUSDT,symbol_cap,unknown,unknown,None,1200.0,4400.0
2026-02-02,ETHUSDT,whitelist,unknown,unknown,None,50.0,1000.0
2026-02-02,BTCUSDT,min_notional,unknown,unknown,None,10.0,1000.0
2026-02-02,BTCUSDT,symbol_cap,unknown,unknown,None,50.0,1000.0
2026-02-02,BTCUSDT,leverage_cap,unknown,unknown,None,30.0,1000.0
2026-02-02,BTCUSDT,leverage_cap,unknown,unknown,None,30.0,1000.0
2026-02-02,BTCUSDT,daily_loss,unknown,unknown,None,25.0,1000.0
2026-02-02,BTCUSDT,cooldown,unknown,unknown,None,25.0,1000.0
2026-02-02,BTCUSDT,circuit_breaker,unknown,unknown,None,30.0,1000.0
2026-02-02,BTCUSDT,min_notional,unknown,unknown,None,9.0,1000.0
